-- MySQL dump 10.13  Distrib 9.0.1, for Win64 (x86_64)
--
-- Host: localhost    Database: fullstack6-db
-- ------------------------------------------------------
-- Server version	9.0.1

/*!40101 SET @OLD_CHARACTER_SET_CLIENT=@@CHARACTER_SET_CLIENT */;
/*!40101 SET @OLD_CHARACTER_SET_RESULTS=@@CHARACTER_SET_RESULTS */;
/*!40101 SET @OLD_COLLATION_CONNECTION=@@COLLATION_CONNECTION */;
/*!50503 SET NAMES utf8mb4 */;
/*!40103 SET @OLD_TIME_ZONE=@@TIME_ZONE */;
/*!40103 SET TIME_ZONE='+00:00' */;
/*!40014 SET @OLD_UNIQUE_CHECKS=@@UNIQUE_CHECKS, UNIQUE_CHECKS=0 */;
/*!40014 SET @OLD_FOREIGN_KEY_CHECKS=@@FOREIGN_KEY_CHECKS, FOREIGN_KEY_CHECKS=0 */;
/*!40101 SET @OLD_SQL_MODE=@@SQL_MODE, SQL_MODE='NO_AUTO_VALUE_ON_ZERO' */;
/*!40111 SET @OLD_SQL_NOTES=@@SQL_NOTES, SQL_NOTES=0 */;

--
-- Table structure for table `actor`
--

DROP TABLE IF EXISTS `actor`;
/*!40101 SET @saved_cs_client     = @@character_set_client */;
/*!50503 SET character_set_client = utf8mb4 */;
CREATE TABLE `actor` (
  `actor_id` smallint unsigned NOT NULL AUTO_INCREMENT,
  `first_name` varchar(45) COLLATE utf8mb4_0900_as_cs NOT NULL,
  `last_name` varchar(45) COLLATE utf8mb4_0900_as_cs NOT NULL,
  PRIMARY KEY (`actor_id`)
) ENGINE=InnoDB AUTO_INCREMENT=204 DEFAULT CHARSET=utf8mb4 COLLATE=utf8mb4_0900_as_cs;
/*!40101 SET character_set_client = @saved_cs_client */;

--
-- Dumping data for table `actor`
--

LOCK TABLES `actor` WRITE;
/*!40000 ALTER TABLE `actor` DISABLE KEYS */;
INSERT INTO `actor` VALUES (1,'PENELOPE','GUINESS'),(2,'NICK','WAHLBERG'),(3,'ED','CHASE'),(4,'JENNIFER','DAVIS'),(5,'JOHNNY','LOLLOBRIGIDA'),(6,'BETTE','NICHOLSON'),(7,'GRACE','MOSTEL'),(8,'MATTHEW','JOHANSSON'),(9,'JOE','SWANK'),(10,'CHRISTIAN','GABLE'),(11,'ZERO','CAGE'),(12,'KARL','BERRY'),(13,'UMA','WOOD'),(14,'VIVIEN','BERGEN'),(15,'CUBA','OLIVIER'),(16,'FRED','COSTNER'),(17,'HELEN','VOIGHT'),(18,'DAN','TORN'),(19,'BOB','FAWCETT'),(20,'LUCILLE','TRACY'),(21,'KIRSTEN','PALTROW'),(22,'ELVIS','MARX'),(23,'SANDRA','KILMER'),(24,'CAMERON','STREEP'),(25,'KEVIN','BLOOM'),(26,'RIP','CRAWFORD'),(27,'JULIA','MCQUEEN'),(28,'WOODY','HOFFMAN'),(29,'ALEC','WAYNE'),(30,'SANDRA','PECK'),(31,'SISSY','SOBIESKI'),(32,'TIM','HACKMAN'),(33,'MILLA','PECK'),(34,'AUDREY','OLIVIER'),(35,'JUDY','DEAN'),(36,'BURT','DUKAKIS'),(37,'VAL','BOLGER'),(38,'TOM','MCKELLEN'),(39,'GOLDIE','BRODY'),(40,'JOHNNY','CAGE'),(41,'JODIE','DEGENERES'),(42,'TOM','MIRANDA'),(43,'KIRK','JOVOVICH'),(44,'NICK','STALLONE'),(45,'REESE','KILMER'),(46,'PARKER','GOLDBERG'),(47,'JULIA','BARRYMORE'),(48,'FRANCES','DAY-LEWIS'),(49,'ANNE','CRONYN'),(50,'NATALIE','HOPKINS'),(51,'GARY','PHOENIX'),(52,'CARMEN','HUNT'),(53,'MENA','TEMPLE'),(54,'PENELOPE','PINKETT'),(55,'FAY','KILMER'),(56,'DAN','HARRIS'),(57,'JUDE','CRUISE'),(58,'CHRISTIAN','AKROYD'),(59,'DUSTIN','TAUTOU'),(60,'HENRY','BERRY'),(61,'CHRISTIAN','NEESON'),(62,'JAYNE','NEESON'),(63,'CAMERON','WRAY'),(64,'RAY','JOHANSSON'),(65,'ANGELA','HUDSON'),(66,'MARY','TANDY'),(67,'JESSICA','BAILEY'),(68,'RIP','WINSLET'),(69,'KENNETH','PALTROW'),(70,'MICHELLE','MCCONAUGHEY'),(71,'ADAM','GRANT'),(72,'SEAN','WILLIAMS'),(73,'GARY','PENN'),(74,'MILLA','KEITEL'),(75,'BURT','POSEY'),(76,'ANGELINA','ASTAIRE'),(77,'CARY','MCCONAUGHEY'),(78,'GROUCHO','SINATRA'),(79,'MAE','HOFFMAN'),(80,'RALPH','CRUZ'),(81,'SCARLETT','DAMON'),(82,'WOODY','JOLIE'),(83,'BEN','WILLIS'),(84,'JAMES','PITT'),(85,'MINNIE','ZELLWEGER'),(86,'GREG','CHAPLIN'),(87,'SPENCER','PECK'),(88,'KENNETH','PESCI'),(89,'CHARLIZE','DENCH'),(90,'SEAN','GUINESS'),(91,'CHRISTOPHER','BERRY'),(92,'KIRSTEN','AKROYD'),(93,'ELLEN','PRESLEY'),(94,'KENNETH','TORN'),(95,'DARYL','WAHLBERG'),(96,'GENE','WILLIS'),(97,'MEG','HAWKE'),(98,'CHRIS','BRIDGES'),(99,'JIM','MOSTEL'),(100,'SPENCER','DEPP'),(101,'SUSAN','DAVIS'),(102,'WALTER','TORN'),(103,'MATTHEW','LEIGH'),(104,'PENELOPE','CRONYN'),(105,'SIDNEY','CROWE'),(106,'GROUCHO','DUNST'),(107,'GINA','DEGENERES'),(108,'WARREN','NOLTE'),(109,'SYLVESTER','DERN'),(110,'SUSAN','DAVIS'),(111,'CAMERON','ZELLWEGER'),(112,'RUSSELL','BACALL'),(113,'MORGAN','HOPKINS'),(114,'MORGAN','MCDORMAND'),(115,'HARRISON','BALE'),(116,'DAN','STREEP'),(117,'RENEE','TRACY'),(118,'CUBA','ALLEN'),(119,'WARREN','JACKMAN'),(120,'PENELOPE','MONROE'),(121,'LIZA','BERGMAN'),(122,'SALMA','NOLTE'),(123,'JULIANNE','DENCH'),(124,'SCARLETT','BENING'),(125,'ALBERT','NOLTE'),(126,'FRANCES','TOMEI'),(127,'KEVIN','GARLAND'),(128,'CATE','MCQUEEN'),(129,'DARYL','CRAWFORD'),(130,'GRETA','KEITEL'),(131,'JANE','JACKMAN'),(132,'ADAM','HOPPER'),(133,'RICHARD','PENN'),(134,'GENE','HOPKINS'),(135,'RITA','REYNOLDS'),(136,'ED','MANSFIELD'),(137,'MORGAN','WILLIAMS'),(138,'LUCILLE','DEE'),(139,'EWAN','GOODING'),(140,'WHOOPI','HURT'),(141,'CATE','HARRIS'),(142,'JADA','RYDER'),(143,'RIVER','DEAN'),(144,'ANGELA','WITHERSPOON'),(145,'KIM','ALLEN'),(146,'ALBERT','JOHANSSON'),(147,'FAY','WINSLET'),(148,'EMILY','DEE'),(149,'RUSSELL','TEMPLE'),(150,'JAYNE','NOLTE'),(151,'GEOFFREY','HESTON'),(152,'BEN','HARRIS'),(153,'MINNIE','KILMER'),(154,'MERYL','GIBSON'),(155,'IAN','TANDY'),(156,'FAY','WOOD'),(157,'GRETA','MALDEN'),(158,'VIVIEN','BASINGER'),(159,'LAURA','BRODY'),(160,'CHRIS','DEPP'),(161,'HARVEY','HOPE'),(162,'OPRAH','KILMER'),(163,'CHRISTOPHER','WEST'),(164,'HUMPHREY','WILLIS'),(165,'AL','GARLAND'),(166,'NICK','DEGENERES'),(167,'LAURENCE','BULLOCK'),(168,'WILL','WILSON'),(169,'KENNETH','HOFFMAN'),(170,'MENA','HOPPER'),(171,'OLYMPIA','PFEIFFER'),(172,'GROUCHO','WILLIAMS'),(173,'ALAN','DREYFUSS'),(174,'MICHAEL','BENING'),(175,'WILLIAM','HACKMAN'),(176,'JON','CHASE'),(177,'GENE','MCKELLEN'),(178,'LISA','MONROE'),(179,'ED','GUINESS'),(180,'JEFF','SILVERSTONE'),(181,'MATTHEW','CARREY'),(182,'DEBBIE','AKROYD'),(183,'RUSSELL','CLOSE'),(184,'HUMPHREY','GARLAND'),(185,'MICHAEL','BOLGER'),(186,'JULIA','ZELLWEGER'),(187,'RENEE','BALL'),(188,'ROCK','DUKAKIS'),(189,'CUBA','BIRCH'),(190,'AUDREY','BAILEY'),(191,'GREGORY','GOODING'),(192,'JOHN','SUVARI'),(193,'BURT','TEMPLE'),(194,'MERYL','ALLEN'),(195,'JAYNE','SILVERSTONE'),(196,'BELA','WALKEN'),(197,'REESE','WEST'),(198,'MARY','KEITEL'),(199,'JULIA','FAWCETT'),(200,'THORA','TEMPLE'),(203,'OTHER','');
/*!40000 ALTER TABLE `actor` ENABLE KEYS */;
UNLOCK TABLES;

--
-- Table structure for table `admin`
--

DROP TABLE IF EXISTS `admin`;
/*!40101 SET @saved_cs_client     = @@character_set_client */;
/*!50503 SET character_set_client = utf8mb4 */;
CREATE TABLE `admin` (
  `admin_id` tinyint unsigned NOT NULL AUTO_INCREMENT,
  `first_name` varchar(45) NOT NULL,
  `last_name` varchar(45) NOT NULL,
  `email` varchar(50) NOT NULL,
  `active` tinyint(1) NOT NULL DEFAULT '1',
  `username` varchar(16) NOT NULL,
  `password` varchar(40) CHARACTER SET utf8mb4 COLLATE utf8mb4_bin DEFAULT NULL,
  `last_update` timestamp NOT NULL DEFAULT CURRENT_TIMESTAMP ON UPDATE CURRENT_TIMESTAMP,
  PRIMARY KEY (`admin_id`),
  UNIQUE KEY `email_UNIQUE` (`email`)
) ENGINE=InnoDB AUTO_INCREMENT=23 DEFAULT CHARSET=utf8mb4 COLLATE=utf8mb4_0900_ai_ci KEY_BLOCK_SIZE=2;
/*!40101 SET character_set_client = @saved_cs_client */;

--
-- Dumping data for table `admin`
--

LOCK TABLES `admin` WRITE;
/*!40000 ALTER TABLE `admin` DISABLE KEYS */;
INSERT INTO `admin` VALUES (21,'movie','staff','moviestaff109@gmail.com',1,'movie_staff','Staff123!','2024-09-14 21:00:00'),(22,'avigail','uzan','a0583240144@gmailstaff.com',1,'avigail','As458458!','2024-09-23 21:00:00');
/*!40000 ALTER TABLE `admin` ENABLE KEYS */;
UNLOCK TABLES;

--
-- Table structure for table `category`
--

DROP TABLE IF EXISTS `category`;
/*!40101 SET @saved_cs_client     = @@character_set_client */;
/*!50503 SET character_set_client = utf8mb4 */;
CREATE TABLE `category` (
  `category_id` tinyint unsigned NOT NULL AUTO_INCREMENT,
  `name` varchar(25) NOT NULL,
  `last_update` timestamp NOT NULL DEFAULT CURRENT_TIMESTAMP ON UPDATE CURRENT_TIMESTAMP,
  PRIMARY KEY (`category_id`)
) ENGINE=InnoDB AUTO_INCREMENT=19 DEFAULT CHARSET=utf8mb4 COLLATE=utf8mb4_0900_ai_ci;
/*!40101 SET character_set_client = @saved_cs_client */;

--
-- Dumping data for table `category`
--

LOCK TABLES `category` WRITE;
/*!40000 ALTER TABLE `category` DISABLE KEYS */;
INSERT INTO `category` VALUES (1,'Action','2006-02-15 02:46:27'),(2,'Animation','2006-02-15 02:46:27'),(3,'Children','2006-02-15 02:46:27'),(4,'Classics','2006-02-15 02:46:27'),(5,'Comedy','2006-02-15 02:46:27'),(6,'Documentary','2006-02-15 02:46:27'),(7,'Drama','2006-02-15 02:46:27'),(8,'Family','2006-02-15 02:46:27'),(9,'Foreign','2006-02-15 02:46:27'),(10,'Games','2006-02-15 02:46:27'),(11,'Horror','2006-02-15 02:46:27'),(12,'Music','2006-02-15 02:46:27'),(13,'New','2006-02-15 02:46:27'),(14,'Sci-Fi','2006-02-15 02:46:27'),(15,'Sports','2006-02-15 02:46:27'),(16,'Travel','2006-02-15 02:46:27'),(18,'other','2006-02-15 02:46:27');
/*!40000 ALTER TABLE `category` ENABLE KEYS */;
UNLOCK TABLES;

--
-- Table structure for table `city`
--

DROP TABLE IF EXISTS `city`;
/*!40101 SET @saved_cs_client     = @@character_set_client */;
/*!50503 SET character_set_client = utf8mb4 */;
CREATE TABLE `city` (
  `city_id` smallint unsigned NOT NULL AUTO_INCREMENT,
  `city` varchar(50) NOT NULL,
  `country_id` smallint unsigned NOT NULL,
  `last_update` timestamp NOT NULL DEFAULT CURRENT_TIMESTAMP ON UPDATE CURRENT_TIMESTAMP,
  PRIMARY KEY (`city_id`)
) ENGINE=InnoDB AUTO_INCREMENT=602 DEFAULT CHARSET=utf8mb4 COLLATE=utf8mb4_0900_ai_ci;
/*!40101 SET character_set_client = @saved_cs_client */;

--
-- Dumping data for table `city`
--

LOCK TABLES `city` WRITE;
/*!40000 ALTER TABLE `city` DISABLE KEYS */;
INSERT INTO `city` VALUES (1,'A Coruña (La Coruña)',87,'2006-02-15 02:45:25'),(2,'Abha',82,'2006-02-15 02:45:25'),(3,'Abu Dhabi',101,'2006-02-15 02:45:25'),(4,'Acuña',60,'2006-02-15 02:45:25'),(5,'Adana',97,'2006-02-15 02:45:25'),(6,'Addis Abeba',31,'2006-02-15 02:45:25'),(7,'Aden',107,'2006-02-15 02:45:25'),(8,'Adoni',44,'2006-02-15 02:45:25'),(9,'Ahmadnagar',44,'2006-02-15 02:45:25'),(10,'Akishima',50,'2006-02-15 02:45:25'),(11,'Akron',103,'2006-02-15 02:45:25'),(12,'al-Ayn',101,'2006-02-15 02:45:25'),(13,'al-Hawiya',82,'2006-02-15 02:45:25'),(14,'al-Manama',11,'2006-02-15 02:45:25'),(15,'al-Qadarif',89,'2006-02-15 02:45:25'),(16,'al-Qatif',82,'2006-02-15 02:45:25'),(17,'Alessandria',49,'2006-02-15 02:45:25'),(18,'Allappuzha (Alleppey)',44,'2006-02-15 02:45:25'),(19,'Allende',60,'2006-02-15 02:45:25'),(20,'Almirante Brown',6,'2006-02-15 02:45:25'),(21,'Alvorada',15,'2006-02-15 02:45:25'),(22,'Ambattur',44,'2006-02-15 02:45:25'),(23,'Amersfoort',67,'2006-02-15 02:45:25'),(24,'Amroha',44,'2006-02-15 02:45:25'),(25,'Angra dos Reis',15,'2006-02-15 02:45:25'),(26,'Anápolis',15,'2006-02-15 02:45:25'),(27,'Antofagasta',22,'2006-02-15 02:45:25'),(28,'Aparecida de Goiânia',15,'2006-02-15 02:45:25'),(29,'Apeldoorn',67,'2006-02-15 02:45:25'),(30,'Araçatuba',15,'2006-02-15 02:45:25'),(31,'Arak',46,'2006-02-15 02:45:25'),(32,'Arecibo',77,'2006-02-15 02:45:25'),(33,'Arlington',103,'2006-02-15 02:45:25'),(34,'Ashdod',48,'2006-02-15 02:45:25'),(35,'Ashgabat',98,'2006-02-15 02:45:25'),(36,'Ashqelon',48,'2006-02-15 02:45:25'),(37,'Asunción',73,'2006-02-15 02:45:25'),(38,'Athenai',39,'2006-02-15 02:45:25'),(39,'Atšinsk',80,'2006-02-15 02:45:25'),(40,'Atlixco',60,'2006-02-15 02:45:25'),(41,'Augusta-Richmond County',103,'2006-02-15 02:45:25'),(42,'Aurora',103,'2006-02-15 02:45:25'),(43,'Avellaneda',6,'2006-02-15 02:45:25'),(44,'Bagé',15,'2006-02-15 02:45:25'),(45,'Bahía Blanca',6,'2006-02-15 02:45:25'),(46,'Baicheng',23,'2006-02-15 02:45:25'),(47,'Baiyin',23,'2006-02-15 02:45:25'),(48,'Baku',10,'2006-02-15 02:45:25'),(49,'Balašiha',80,'2006-02-15 02:45:25'),(50,'Balikesir',97,'2006-02-15 02:45:25'),(51,'Balurghat',44,'2006-02-15 02:45:25'),(52,'Bamenda',19,'2006-02-15 02:45:25'),(53,'Bandar Seri Begawan',16,'2006-02-15 02:45:25'),(54,'Banjul',37,'2006-02-15 02:45:25'),(55,'Barcelona',104,'2006-02-15 02:45:25'),(56,'Basel',91,'2006-02-15 02:45:25'),(57,'Bat Yam',48,'2006-02-15 02:45:25'),(58,'Batman',97,'2006-02-15 02:45:25'),(59,'Batna',2,'2006-02-15 02:45:25'),(60,'Battambang',18,'2006-02-15 02:45:25'),(61,'Baybay',75,'2006-02-15 02:45:25'),(62,'Bayugan',75,'2006-02-15 02:45:25'),(63,'Béchar',2,'2006-02-15 02:45:25'),(64,'Beira',63,'2006-02-15 02:45:25'),(65,'Bellevue',103,'2006-02-15 02:45:25'),(66,'Belém',15,'2006-02-15 02:45:25'),(67,'Benguela',4,'2006-02-15 02:45:25'),(68,'Beni-Mellal',62,'2006-02-15 02:45:25'),(69,'Benin City',69,'2006-02-15 02:45:25'),(70,'Bergamo',49,'2006-02-15 02:45:25'),(71,'Berhampore (Baharampur)',44,'2006-02-15 02:45:25'),(72,'Bern',91,'2006-02-15 02:45:25'),(73,'Bhavnagar',44,'2006-02-15 02:45:25'),(74,'Bhilwara',44,'2006-02-15 02:45:25'),(75,'Bhimavaram',44,'2006-02-15 02:45:25'),(76,'Bhopal',44,'2006-02-15 02:45:25'),(77,'Bhusawal',44,'2006-02-15 02:45:25'),(78,'Bijapur',44,'2006-02-15 02:45:25'),(79,'Bilbays',29,'2006-02-15 02:45:25'),(80,'Binzhou',23,'2006-02-15 02:45:25'),(81,'Birgunj',66,'2006-02-15 02:45:25'),(82,'Bislig',75,'2006-02-15 02:45:25'),(83,'Blumenau',15,'2006-02-15 02:45:25'),(84,'Boa Vista',15,'2006-02-15 02:45:25'),(85,'Boksburg',85,'2006-02-15 02:45:25'),(86,'Botosani',78,'2006-02-15 02:45:25'),(87,'Botshabelo',85,'2006-02-15 02:45:25'),(88,'Bradford',102,'2006-02-15 02:45:25'),(89,'Brasília',15,'2006-02-15 02:45:25'),(90,'Bratislava',84,'2006-02-15 02:45:25'),(91,'Brescia',49,'2006-02-15 02:45:25'),(92,'Brest',34,'2006-02-15 02:45:25'),(93,'Brindisi',49,'2006-02-15 02:45:25'),(94,'Brockton',103,'2006-02-15 02:45:25'),(95,'Bucuresti',78,'2006-02-15 02:45:25'),(96,'Buenaventura',24,'2006-02-15 02:45:25'),(97,'Bydgoszcz',76,'2006-02-15 02:45:25'),(98,'Cabuyao',75,'2006-02-15 02:45:25'),(99,'Callao',74,'2006-02-15 02:45:25'),(100,'Cam Ranh',105,'2006-02-15 02:45:25'),(101,'Cape Coral',103,'2006-02-15 02:45:25'),(102,'Caracas',104,'2006-02-15 02:45:25'),(103,'Carmen',60,'2006-02-15 02:45:25'),(104,'Cavite',75,'2006-02-15 02:45:25'),(105,'Cayenne',35,'2006-02-15 02:45:25'),(106,'Celaya',60,'2006-02-15 02:45:25'),(107,'Chandrapur',44,'2006-02-15 02:45:25'),(108,'Changhwa',92,'2006-02-15 02:45:25'),(109,'Changzhou',23,'2006-02-15 02:45:25'),(110,'Chapra',44,'2006-02-15 02:45:25'),(111,'Charlotte Amalie',106,'2006-02-15 02:45:25'),(112,'Chatsworth',85,'2006-02-15 02:45:25'),(113,'Cheju',86,'2006-02-15 02:45:25'),(114,'Chiayi',92,'2006-02-15 02:45:25'),(115,'Chisinau',61,'2006-02-15 02:45:25'),(116,'Chungho',92,'2006-02-15 02:45:25'),(117,'Cianjur',45,'2006-02-15 02:45:25'),(118,'Ciomas',45,'2006-02-15 02:45:25'),(119,'Ciparay',45,'2006-02-15 02:45:25'),(120,'Citrus Heights',103,'2006-02-15 02:45:25'),(121,'Città del Vaticano',41,'2006-02-15 02:45:25'),(122,'Ciudad del Este',73,'2006-02-15 02:45:25'),(123,'Clarksville',103,'2006-02-15 02:45:25'),(124,'Coacalco de Berriozábal',60,'2006-02-15 02:45:25'),(125,'Coatzacoalcos',60,'2006-02-15 02:45:25'),(126,'Compton',103,'2006-02-15 02:45:25'),(127,'Coquimbo',22,'2006-02-15 02:45:25'),(128,'Córdoba',6,'2006-02-15 02:45:25'),(129,'Cuauhtémoc',60,'2006-02-15 02:45:25'),(130,'Cuautla',60,'2006-02-15 02:45:25'),(131,'Cuernavaca',60,'2006-02-15 02:45:25'),(132,'Cumaná',104,'2006-02-15 02:45:25'),(133,'Czestochowa',76,'2006-02-15 02:45:25'),(134,'Dallas',103,'2006-02-15 02:45:25'),(135,'Daugavpils',54,'2006-02-15 02:45:25'),(136,'Davangere',44,'2006-02-15 02:45:25'),(137,'Davao',75,'2006-02-15 02:45:25'),(138,'Deba Habe',72,'2006-02-15 02:45:25'),(139,'Denizli',97,'2006-02-15 02:45:25'),(140,'Deolali',44,'2006-02-15 02:45:25'),(141,'Dewas',44,'2006-02-15 02:45:25'),(142,'Dhule (Dhulia)',44,'2006-02-15 02:45:25'),(143,'Diez',38,'2006-02-15 02:45:25'),(144,'Dzerzhinsk',80,'2006-02-15 02:45:25'),(145,'Edison',103,'2006-02-15 02:45:25'),(146,'Edremit',97,'2006-02-15 02:45:25'),(147,'Eindhoven',67,'2006-02-15 02:45:25'),(148,'Eisen',38,'2006-02-15 02:45:25'),(149,'El Monte',103,'2006-02-15 02:45:25'),(150,'Elâzig',97,'2006-02-15 02:45:25'),(151,'Elda',104,'2006-02-15 02:45:25'),(152,'Erode',44,'2006-02-15 02:45:25'),(153,'Esmeraldas',28,'2006-02-15 02:45:25'),(154,'Ezeiza',6,'2006-02-15 02:45:25'),(155,'Faridabad',44,'2006-02-15 02:45:25'),(156,'Fatehpur',44,'2006-02-15 02:45:25'),(157,'Firozabad',44,'2006-02-15 02:45:25'),(158,'Florence',49,'2006-02-15 02:45:25'),(159,'Forlì',49,'2006-02-15 02:45:25'),(160,'Franca',15,'2006-02-15 02:45:25'),(161,'Frankfurt am Main',38,'2006-02-15 02:45:25'),(162,'Fukuyama',50,'2006-02-15 02:45:25'),(163,'Funafuti',103,'2006-02-15 02:45:25'),(164,'Fyzabad',44,'2006-02-15 02:45:25'),(165,'Gaddiannaram',44,'2006-02-15 02:45:25'),(166,'Gandhinagar',44,'2006-02-15 02:45:25'),(167,'Garfield',103,'2006-02-15 02:45:25'),(168,'Gauntimpeh',79,'2006-02-15 02:45:25'),(169,'Genova',49,'2006-02-15 02:45:25'),(170,'Gibraltar',41,'2006-02-15 02:45:25'),(171,'Gijón',104,'2006-02-15 02:45:25'),(172,'Gilbert',103,'2006-02-15 02:45:25'),(173,'Glasgow',102,'2006-02-15 02:45:25'),(174,'Gorakhpur',44,'2006-02-15 02:45:25'),(175,'Goyang',86,'2006-02-15 02:45:25'),(176,'Grand Prairie',103,'2006-02-15 02:45:25'),(177,'Gravataí',15,'2006-02-15 02:45:25'),(178,'Green Bay',103,'2006-02-15 02:45:25'),(179,'Greenville',103,'2006-02-15 02:45:25'),(180,'Grimsby',102,'2006-02-15 02:45:25'),(181,'Gualeguaychú',6,'2006-02-15 02:45:25'),(182,'Guangzhou',23,'2006-02-15 02:45:25'),(183,'Guarujá',15,'2006-02-15 02:45:25'),(184,'Gujrat',76,'2006-02-15 02:45:25'),(185,'Gusau',69,'2006-02-15 02:45:25'),(186,'Gyumri',8,'2006-02-15 02:45:25'),(187,'Hà Ðông',105,'2006-02-15 02:45:25'),(188,'Halifax',20,'2006-02-15 02:45:25'),(189,'Hamilton',20,'2006-02-15 02:45:25'),(190,'Hangu',86,'2006-02-15 02:45:25'),(191,'Harlingen',103,'2006-02-15 02:45:25'),(192,'Harrisburg',103,'2006-02-15 02:45:25'),(193,'Hà Tinh',105,'2006-02-15 02:45:25'),(194,'Hat Yai',90,'2006-02-15 02:45:25'),(195,'Hazaribagh',44,'2006-02-15 02:45:25'),(196,'Hebi',23,'2006-02-15 02:45:25'),(197,'Heze',23,'2006-02-15 02:45:25'),(198,'Hirado',50,'2006-02-15 02:45:25'),(199,'Hobart',8,'2006-02-15 02:45:25'),(200,'Ho Chi Minh City',105,'2006-02-15 02:45:25'),(201,'Holguín',63,'2006-02-15 02:45:25'),(202,'Homyel´',13,'2006-02-15 02:45:25'),(203,'Hoshiarpur',44,'2006-02-15 02:45:25'),(204,'Hounslow',102,'2006-02-15 02:45:25'),(205,'Hsinchu',92,'2006-02-15 02:45:25'),(206,'Hyderabad',44,'2006-02-15 02:45:25'),(207,'Ibadan',69,'2006-02-15 02:45:25'),(208,'Iligan',75,'2006-02-15 02:45:25'),(209,'Iloilo',75,'2006-02-15 02:45:25'),(210,'Indaiatuba',15,'2006-02-15 02:45:25'),(211,'Ingolstadt',38,'2006-02-15 02:45:25'),(212,'Ipojuca',15,'2006-02-15 02:45:25'),(213,'Ipoh',59,'2006-02-15 02:45:25'),(214,'Iquique',22,'2006-02-15 02:45:25'),(215,'Irbid',53,'2006-02-15 02:45:25'),(216,'Irving',103,'2006-02-15 02:45:25'),(217,'Irún',87,'2006-02-15 02:45:25'),(218,'Irvington',103,'2006-02-15 02:45:25'),(219,'Iskenderun',97,'2006-02-15 02:45:25'),(220,'Ivano-Frankivs´k',100,'2006-02-15 02:45:25'),(221,'Izmir',97,'2006-02-15 02:45:25'),(222,'Jacareí',15,'2006-02-15 02:45:25'),(223,'Jaipur',44,'2006-02-15 02:45:25'),(224,'Jalalabad',1,'2006-02-15 02:45:25'),(225,'Jambi',45,'2006-02-15 02:45:25'),(226,'Jamestown',8,'2006-02-15 02:45:25'),(227,'Jammu',44,'2006-02-15 02:45:25'),(228,'Janaúba',15,'2006-02-15 02:45:25'),(229,'Janiópolis',15,'2006-02-15 02:45:25'),(230,'Jardim',15,'2006-02-15 02:45:25'),(231,'Jardim de Piranhas',15,'2006-02-15 02:45:25'),(232,'Jarinu',15,'2006-02-15 02:45:25'),(233,'Jaú',15,'2006-02-15 02:45:25'),(234,'Jerusalem',48,'2006-02-15 02:45:25'),(235,'Jhansi',44,'2006-02-15 02:45:25'),(236,'Jiangmen',23,'2006-02-15 02:45:25'),(237,'Jilin',23,'2006-02-15 02:45:25'),(238,'Jinan',23,'2006-02-15 02:45:25'),(239,'Jodhpur',44,'2006-02-15 02:45:25'),(240,'Joinville',15,'2006-02-15 02:45:25'),(241,'Jönköping',90,'2006-02-15 02:45:25'),(242,'Jordan',86,'2006-02-15 02:45:25'),(243,'Jos',69,'2006-02-15 02:45:25'),(244,'Juba',89,'2006-02-15 02:45:25'),(245,'Juiz de Fora',15,'2006-02-15 02:45:25'),(246,'Juliaca',74,'2006-02-15 02:45:25'),(247,'Jundiaí',15,'2006-02-15 02:45:25'),(248,'Jyvaskyla',33,'2006-02-15 02:45:25'),(249,'Kabul',1,'2006-02-15 02:45:25'),(250,'Kaduna',69,'2006-02-15 02:45:25'),(251,'Kakamigahara',50,'2006-02-15 02:45:25'),(252,'Kaliningrad',80,'2006-02-15 02:45:25'),(253,'Kalisz',76,'2006-02-15 02:45:25'),(254,'Kamarhati',44,'2006-02-15 02:45:25'),(255,'Kandy',88,'2006-02-15 02:45:25'),(256,'Kannur',44,'2006-02-15 02:45:25'),(257,'Kanpur',44,'2006-02-15 02:45:25'),(258,'Kansas City',103,'2006-02-15 02:45:25'),(259,'Kaohsiung',92,'2006-02-15 02:45:25'),(260,'Karachi',72,'2006-02-15 02:45:25'),(261,'Karaj',46,'2006-02-15 02:45:25'),(262,'Karlovy Vary',26,'2006-02-15 02:45:25'),(263,'Karnal',44,'2006-02-15 02:45:25'),(264,'Kashgar',23,'2006-02-15 02:45:25'),(265,'Katihar',44,'2006-02-15 02:45:25'),(266,'Kemerovo',80,'2006-02-15 02:45:25'),(267,'Kenitra',62,'2006-02-15 02:45:25'),(268,'Khabarovsk',80,'2006-02-15 02:45:25'),(269,'Khairpur',72,'2006-02-15 02:45:25'),(270,'Kharkiv',100,'2006-02-15 02:45:25'),(271,'Khartoum',89,'2006-02-15 02:45:25'),(272,'Kherson',100,'2006-02-15 02:45:25'),(273,'Khmel´nyts´kyy',100,'2006-02-15 02:45:25'),(274,'Khon Kaen',90,'2006-02-15 02:45:25'),(275,'Khouribga',62,'2006-02-15 02:45:25'),(276,'Khujand',96,'2006-02-15 02:45:25'),(277,'Kiel',38,'2006-02-15 02:45:25'),(278,'Kielce',76,'2006-02-15 02:45:25'),(279,'Kigali',83,'2006-02-15 02:45:25'),(280,'Kirov',80,'2006-02-15 02:45:25'),(281,'Kisumu',52,'2006-02-15 02:45:25'),(282,'Kitakyushu',50,'2006-02-15 02:45:25'),(283,'Kitwe',109,'2006-02-15 02:45:25'),(284,'Klaipėda',56,'2006-02-15 02:45:25'),(285,'Kobe',50,'2006-02-15 02:45:25'),(286,'Kochi',44,'2006-02-15 02:45:25'),(287,'Kolhapur',44,'2006-02-15 02:45:25'),(288,'Kolkata',44,'2006-02-15 02:45:25'),(289,'Konya',97,'2006-02-15 02:45:25'),(290,'Kozhikode',44,'2006-02-15 02:45:25'),(291,'Kragujevac',108,'2006-02-15 02:45:25'),(292,'Krasnodar',80,'2006-02-15 02:45:25'),(293,'Krasnoyarsk',80,'2006-02-15 02:45:25'),(294,'Kristiansand',68,'2006-02-15 02:45:25'),(295,'Kryvyy Rih',100,'2006-02-15 02:45:25'),(296,'Kuala Lumpur',59,'2006-02-15 02:45:25'),(297,'Kumamoto',50,'2006-02-15 02:45:25'),(298,'Kunduz',1,'2006-02-15 02:45:25'),(299,'Kunming',23,'2006-02-15 02:45:25'),(300,'Kurnool',44,'2006-02-15 02:45:25'),(301,'Kutaisi',42,'2006-02-15 02:45:25'),(302,'Kuwait City',53,'2006-02-15 02:45:25'),(303,'La Ceiba',42,'2006-02-15 02:45:25'),(304,'La Paz',14,'2006-02-15 02:45:25'),(305,'Lagos',69,'2006-02-15 02:45:25'),(306,'Laiyang',23,'2006-02-15 02:45:25'),(307,'Laizhou',23,'2006-02-15 02:45:25'),(308,'Lakeland',103,'2006-02-15 02:45:25'),(309,'Lalitpur',65,'2006-02-15 02:45:25'),(310,'Lancaster',103,'2006-02-15 02:45:25'),(311,'Lansing',103,'2006-02-15 02:45:25'),(312,'Lapu-Lapu',75,'2006-02-15 02:45:25'),(313,'Larache',62,'2006-02-15 02:45:25'),(314,'Lashkar Gah',1,'2006-02-15 02:45:25'),(315,'Latakia',92,'2006-02-15 02:45:25'),(316,'Leeds',102,'2006-02-15 02:45:25'),(317,'Leiden',67,'2006-02-15 02:45:25'),(318,'Leipzig',38,'2006-02-15 02:45:25'),(319,'Les Abymes',61,'2006-02-15 02:45:25'),(320,'Leskovac',108,'2006-02-15 02:45:25'),(321,'Leticia',24,'2006-02-15 02:45:25'),(322,'Lethbridge',20,'2006-02-15 02:45:25'),(323,'Lhasa',23,'2006-02-15 02:45:25'),(324,'Lianyungang',23,'2006-02-15 02:45:25'),(325,'Libreville',37,'2006-02-15 02:45:25'),(326,'Lichinga',63,'2006-02-15 02:45:25'),(327,'Liege',20,'2006-02-15 02:45:25'),(328,'Lima',74,'2006-02-15 02:45:25'),(329,'Limerick',46,'2006-02-15 02:45:25'),(330,'Limoges',34,'2006-02-15 02:45:25'),(331,'Lisboa',76,'2006-02-15 02:45:25'),(332,'Lishui',23,'2006-02-15 02:45:25'),(333,'Liverpool',102,'2006-02-15 02:45:25'),(334,'Livingstone',109,'2006-02-15 02:45:25'),(335,'Lobito',5,'2006-02-15 02:45:25'),(336,'Logroño',87,'2006-02-15 02:45:25'),(337,'Lokeren',20,'2006-02-15 02:45:25'),(338,'Lomé',98,'2006-02-15 02:45:25'),(339,'London',102,'2006-02-15 02:45:25'),(340,'Londrina',15,'2006-02-15 02:45:25'),(341,'Lübeck',38,'2006-02-15 02:45:25'),(342,'Lucca',49,'2006-02-15 02:45:25'),(343,'Lucknow',44,'2006-02-15 02:45:25'),(344,'Lüderitz',66,'2006-02-15 02:45:25'),(345,'Ludhiana',44,'2006-02-15 02:45:25'),(346,'Lugo',87,'2006-02-15 02:45:25'),(347,'Luleå',90,'2006-02-15 02:45:25'),(348,'Lumbini',65,'2006-02-15 02:45:25'),(349,'Lusaka',109,'2006-02-15 02:45:25'),(350,'Luxembourg',55,'2006-02-15 02:45:25'),(351,'Luxor',29,'2006-02-15 02:45:25'),(352,'Luton',102,'2006-02-15 02:45:25'),(353,'Lvov',100,'2006-02-15 02:45:25'),(354,'Lyon',34,'2006-02-15 02:45:25'),(355,'Maceió',15,'2006-02-15 02:45:25'),(356,'Madrid',87,'2006-02-15 02:45:25'),(357,'Madurai',44,'2006-02-15 02:45:25'),(358,'Maiduguri',69,'2006-02-15 02:45:25'),(359,'Mainz',38,'2006-02-15 02:45:25'),(360,'Majene',45,'2006-02-15 02:45:25'),(361,'Makati City',75,'2006-02-15 02:45:25'),(362,'Makurdi',69,'2006-02-15 02:45:25'),(363,'Malabo',32,'2006-02-15 02:45:25'),(364,'Malang',45,'2006-02-15 02:45:25'),(365,'Málaga',87,'2006-02-15 02:45:25'),(366,'Malegaon',44,'2006-02-15 02:45:25'),(367,'Malé',60,'2006-02-15 02:45:25'),(368,'Malmö',90,'2006-02-15 02:45:25'),(369,'Mandalay',95,'2006-02-15 02:45:25'),(370,'Mandaue',75,'2006-02-15 02:45:25'),(371,'Mandya',44,'2006-02-15 02:45:25'),(372,'Mangalore',44,'2006-02-15 02:45:25'),(373,'Manila',75,'2006-02-15 02:45:25'),(374,'Mannheim',38,'2006-02-15 02:45:25'),(375,'Manukau City',69,'2006-02-15 02:45:25'),(376,'Maputo',63,'2006-02-15 02:45:25'),(377,'Mar del Plata',6,'2006-02-15 02:45:25'),(378,'Maracaibo',104,'2006-02-15 02:45:25'),(379,'Maraş',97,'2006-02-15 02:45:25'),(380,'Marawi',75,'2006-02-15 02:45:25'),(381,'Marília',15,'2006-02-15 02:45:25'),(382,'Maseru',55,'2006-02-15 02:45:25'),(383,'Matadi',25,'2006-02-15 02:45:25'),(384,'Mataró',87,'2006-02-15 02:45:25'),(385,'Matsue',50,'2006-02-15 02:45:25'),(386,'Matsumoto',50,'2006-02-15 02:45:25'),(387,'Matsuyama',50,'2006-02-15 02:45:25'),(388,'Maturín',104,'2006-02-15 02:45:25'),(389,'Mazatlán',77,'2006-02-15 02:45:25'),(390,'Mbeya',93,'2006-02-15 02:45:25'),(391,'Medan',45,'2006-02-15 02:45:25'),(392,'Medea',5,'2006-02-15 02:45:25'),(393,'Medina',82,'2006-02-15 02:45:25'),(394,'Melbourne',8,'2006-02-15 02:45:25'),(395,'Memphis',103,'2006-02-15 02:45:25'),(396,'Mendoza',6,'2006-02-15 02:45:25'),(397,'Mérida',77,'2006-02-15 02:45:25'),(398,'Mérida',104,'2006-02-15 02:45:25'),(399,'Metz',34,'2006-02-15 02:45:25'),(400,'Mexicali',77,'2006-02-15 02:45:25'),(401,'Mexico City',77,'2006-02-15 02:45:25'),(402,'Miami',103,'2006-02-15 02:45:25'),(403,'Milan',49,'2006-02-15 02:45:25'),(404,'Miskolc',47,'2006-02-15 02:45:25'),(405,'Mississauga',20,'2006-02-15 02:45:25'),(406,'Mito',50,'2006-02-15 02:45:25'),(407,'Mobile',103,'2006-02-15 02:45:25'),(408,'Modena',49,'2006-02-15 02:45:25'),(409,'Moers',38,'2006-02-15 02:45:25'),(410,'Mogadishu',84,'2006-02-15 02:45:25'),(411,'Mokpo',86,'2006-02-15 02:45:25'),(412,'Monclova',77,'2006-02-15 02:45:25'),(413,'Monrovia',55,'2006-02-15 02:45:25'),(414,'Monterrey',77,'2006-02-15 02:45:25'),(415,'Montevideo',105,'2006-02-15 02:45:25'),(416,'Montreal',20,'2006-02-15 02:45:25'),(417,'Moscow',80,'2006-02-15 02:45:25'),(418,'Mossoro',15,'2006-02-15 02:45:25'),(419,'Mostar',7,'2006-02-15 02:45:25'),(420,'Mufulira',109,'2006-02-15 02:45:25'),(421,'Mukalla',106,'2006-02-15 02:45:25'),(422,'Multan',72,'2006-02-15 02:45:25'),(423,'Mumbai',44,'2006-02-15 02:45:25'),(424,'München',38,'2006-02-15 02:45:25'),(425,'Murmansk',80,'2006-02-15 02:45:25'),(426,'Muscat',73,'2006-02-15 02:45:25'),(427,'Mwanza',93,'2006-02-15 02:45:25'),(428,'Mysore',44,'2006-02-15 02:45:25'),(429,'Nāgercoil',44,'2006-02-15 02:45:25'),(430,'Nagoya',50,'2006-02-15 02:45:25'),(431,'Nagpur',44,'2006-02-15 02:45:25'),(432,'Nairobi',52,'2006-02-15 02:45:25'),(433,'Namibe',5,'2006-02-15 02:45:25'),(434,'Namur',20,'2006-02-15 02:45:25'),(435,'Nampula',63,'2006-02-15 02:45:25'),(436,'Nancy',34,'2006-02-15 02:45:25'),(437,'Nantes',34,'2006-02-15 02:45:25'),(438,'Naples',49,'2006-02-15 02:45:25'),(439,'Nashville',103,'2006-02-15 02:45:25'),(440,'Nassau',12,'2006-02-15 02:45:25'),(441,'Natal',15,'2006-02-15 02:45:25'),(442,'Navapolatsk',13,'2006-02-15 02:45:25'),(443,'Nay Pyi Taw',95,'2006-02-15 02:45:25'),(444,'Ndola',109,'2006-02-15 02:45:25'),(445,'Nelson',69,'2006-02-15 02:45:25'),(446,'Neuss',38,'2006-02-15 02:45:25'),(447,'New Delhi',44,'2006-02-15 02:45:25'),(448,'New Orleans',103,'2006-02-15 02:45:25'),(449,'New York',103,'2006-02-15 02:45:25'),(450,'Newark',103,'2006-02-15 02:45:25'),(451,'Newcastle',69,'2006-02-15 02:45:25'),(452,'Niamey',68,'2006-02-15 02:45:25'),(453,'Nice',34,'2006-02-15 02:45:25'),(454,'Ningbo',23,'2006-02-15 02:45:25'),(455,'Nizhnij Novgorod',80,'2006-02-15 02:45:25'),(456,'Norderstedt',38,'2006-02-15 02:45:25'),(457,'Norfolk',103,'2006-02-15 02:45:25'),(458,'North Shore',69,'2006-02-15 02:45:25'),(459,'Norwich',102,'2006-02-15 02:45:25'),(460,'Nottingham',102,'2006-02-15 02:45:25'),(461,'Nuevo Laredo',77,'2006-02-15 02:45:25'),(462,'Nukualofa',99,'2006-02-15 02:45:25'),(463,'Nürnberg',38,'2006-02-15 02:45:25'),(464,'Numan',69,'2006-02-15 02:45:25'),(465,'Nuuk',41,'2006-02-15 02:45:25'),(466,'Oaxaca',77,'2006-02-15 02:45:25'),(467,'Oberhausen',38,'2006-02-15 02:45:25'),(468,'Odense',27,'2006-02-15 02:45:25'),(469,'Odessa',100,'2006-02-15 02:45:25'),(470,'Ogbomosho',69,'2006-02-15 02:45:25'),(471,'Okayama',50,'2006-02-15 02:45:25'),(472,'Oldenburg',38,'2006-02-15 02:45:25'),(473,'Olongapo',75,'2006-02-15 02:45:25'),(474,'Omaha',103,'2006-02-15 02:45:25'),(475,'Omdurman',89,'2006-02-15 02:45:25'),(476,'Omsk',80,'2006-02-15 02:45:25'),(477,'Ongole',44,'2006-02-15 02:45:25'),(478,'Opole',76,'2006-02-15 02:45:25'),(479,'Oradea',81,'2006-02-15 02:45:25'),(480,'Oral',51,'2006-02-15 02:45:25'),(481,'Orenburg',80,'2006-02-15 02:45:25'),(482,'Orizaba',77,'2006-02-15 02:45:25'),(483,'Orlando',103,'2006-02-15 02:45:25'),(484,'Orsk',80,'2006-02-15 02:45:25'),(485,'Osaka',50,'2006-02-15 02:45:25'),(486,'Oshawa',20,'2006-02-15 02:45:25'),(487,'Oslo',69,'2006-02-15 02:45:25'),(488,'Ostrava',26,'2006-02-15 02:45:25'),(489,'Ottawa',20,'2006-02-15 02:45:25'),(490,'Ourense',87,'2006-02-15 02:45:25'),(491,'Owo',69,'2006-02-15 02:45:25'),(492,'Oxford',102,'2006-02-15 02:45:25'),(493,'Padova',49,'2006-02-15 02:45:25'),(494,'Paita',74,'2006-02-15 02:45:25'),(495,'Palangka Raya',45,'2006-02-15 02:45:25'),(496,'Palembang',45,'2006-02-15 02:45:25'),(497,'Pali',44,'2006-02-15 02:45:25'),(498,'Palma',87,'2006-02-15 02:45:25'),(499,'Palmas',15,'2006-02-15 02:45:25'),(500,'Palmdale',103,'2006-02-15 02:45:25'),(501,'Pamplona',87,'2006-02-15 02:45:25'),(502,'Pancevo',108,'2006-02-15 02:45:25'),(503,'Panihati',44,'2006-02-15 02:45:25'),(504,'Panipat',44,'2006-02-15 02:45:25'),(505,'Panjin',23,'2006-02-15 02:45:25'),(506,'Panshi',23,'2006-02-15 02:45:25'),(507,'Paramaribo',93,'2006-02-15 02:45:25'),(508,'Parana',6,'2006-02-15 02:45:25'),(509,'Paris',34,'2006-02-15 02:45:25'),(510,'Parkersburg',103,'2006-02-15 02:45:25'),(511,'Parla',87,'2006-02-15 02:45:25'),(512,'Pasadena',103,'2006-02-15 02:45:25'),(513,'Pasay City',75,'2006-02-15 02:45:25'),(514,'Paterson',103,'2006-02-15 02:45:25'),(515,'Pati',45,'2006-02-15 02:45:25'),(516,'Patiala',44,'2006-02-15 02:45:25'),(517,'Patna',44,'2006-02-15 02:45:25'),(518,'Pekanbaru',45,'2006-02-15 02:45:25'),(519,'Pelotas',15,'2006-02-15 02:45:25'),(520,'Pematangsiantar',45,'2006-02-15 02:45:25'),(521,'Perm',80,'2006-02-15 02:45:25'),(522,'Perugia',49,'2006-02-15 02:45:25'),(523,'Peshawar',72,'2006-02-15 02:45:25'),(524,'Pietermaritzburg',85,'2006-02-15 02:45:25'),(525,'Pingdingshan',23,'2006-02-15 02:45:25'),(526,'Pingxiang',23,'2006-02-15 02:45:25'),(527,'Piura',74,'2006-02-15 02:45:25'),(528,'Plauen',38,'2006-02-15 02:45:25'),(529,'Plovdiv',13,'2006-02-15 02:45:25'),(530,'Plymouth',102,'2006-02-15 02:45:25'),(531,'Pointe-à-Pitre',61,'2006-02-15 02:45:25'),(532,'Pointe-Noire',25,'2006-02-15 02:45:25'),(533,'Pokhara',65,'2006-02-15 02:45:25'),(534,'Poltava',100,'2006-02-15 02:45:25'),(535,'Pomona',103,'2006-02-15 02:45:25'),(536,'Pondicherry',44,'2006-02-15 02:45:25'),(537,'Pontianak',45,'2006-02-15 02:45:25'),(538,'Potsdam',38,'2006-02-15 02:45:25'),(539,'Prague',26,'2006-02-15 02:45:25'),(540,'Probolinggo',45,'2006-02-15 02:45:25'),(541,'Proddatur',44,'2006-02-15 02:45:25'),(542,'Pudukkottai',44,'2006-02-15 02:45:25'),(543,'Pune',44,'2006-02-15 02:45:25'),(544,'Punto Fijo',104,'2006-02-15 02:45:25'),(545,'Purnea',44,'2006-02-15 02:45:25'),(546,'Puto',45,'2006-02-15 02:45:25'),(547,'Qingdao',23,'2006-02-15 02:45:25'),(548,'Quetta',72,'2006-02-15 02:45:25'),(549,'Quetzaltenango',42,'2006-02-15 02:45:25'),(550,'Qui Nhon',106,'2006-02-15 02:45:25'),(551,'Quilmes',6,'2006-02-15 02:45:25'),(552,'Quito',29,'2006-02-15 02:45:25'),(553,'Rabat',62,'2006-02-15 02:45:25'),(554,'Rach Gia',106,'2006-02-15 02:45:25'),(555,'Radès',101,'2006-02-15 02:45:25'),(556,'Rajahmundry',44,'2006-02-15 02:45:25'),(557,'Rajkot',44,'2006-02-15 02:45:25'),(558,'Raleigh',103,'2006-02-15 02:45:25'),(559,'Rampur',44,'2006-02-15 02:45:25'),(560,'Rancagua',22,'2006-02-15 02:45:25'),(561,'Randers',27,'2006-02-15 02:45:25'),(562,'Rangoon',95,'2006-02-15 02:45:25'),(563,'Ratchaburi',90,'2006-02-15 02:45:25'),(564,'Raurkela',44,'2006-02-15 02:45:25'),(565,'Recife',15,'2006-02-15 02:45:25'),(566,'Regina',20,'2006-02-15 02:45:25'),(567,'Reims',34,'2006-02-15 02:45:25'),(568,'Rennes',34,'2006-02-15 02:45:25'),(569,'Reynosa',77,'2006-02-15 02:45:25'),(570,'Ribeirão Preto',15,'2006-02-15 02:45:25'),(571,'Richmond',103,'2006-02-15 02:45:25'),(572,'Rijeka',28,'2006-02-15 02:45:25'),(573,'Rizhao',23,'2006-02-15 02:45:25'),(574,'Roanoke',103,'2006-02-15 02:45:25'),(575,'Rochester',103,'2006-02-15 02:45:25'),(576,'Rockford',103,'2006-02-15 02:45:25'),(577,'Rodriguez',60,'2006-02-15 02:45:25'),(578,'Rome',49,'2006-02-15 02:45:25'),(579,'Rongcheng',23,'2006-02-15 02:45:25'),(580,'Rondonópolis',15,'2006-02-15 02:45:25'),(581,'Rosario',6,'2006-02-15 02:45:25'),(582,'Rostock',38,'2006-02-15 02:45:25'),(583,'Rostov-on-Don',80,'2006-02-15 02:45:25'),(584,'Rubtsovsk',80,'2006-02-15 02:45:25'),(585,'Ruda Śląska',76,'2006-02-15 02:45:25'),(586,'Rufisque',83,'2006-02-15 02:45:25'),(587,'Rumbek',89,'2006-02-15 02:45:25'),(588,'Ryazan',80,'2006-02-15 02:45:25'),(589,'Rybinsk',80,'2006-02-15 02:45:25'),(590,'Rzeszów',76,'2006-02-15 02:45:25'),(591,'Saarbrücken',38,'2006-02-15 02:45:25'),(592,'Sabzevar',46,'2006-02-15 02:45:25'),(593,'Sacramento',103,'2006-02-15 02:45:25'),(594,'Safi',62,'2006-02-15 02:45:25'),(595,'Sagamihara',50,'2006-02-15 02:45:25'),(596,'Saint-Denis',82,'2006-02-15 02:45:25'),(597,'Saint Paul',103,'2006-02-15 02:45:25'),(598,'Saint Petersburg',80,'2006-02-15 02:45:25'),(599,'Salatiga',45,'2006-02-15 02:45:25'),(600,'Salem',44,'2006-02-15 02:45:25');
/*!40000 ALTER TABLE `city` ENABLE KEYS */;
UNLOCK TABLES;

--
-- Table structure for table `country`
--

DROP TABLE IF EXISTS `country`;
/*!40101 SET @saved_cs_client     = @@character_set_client */;
/*!50503 SET character_set_client = utf8mb4 */;
CREATE TABLE `country` (
  `country_id` smallint unsigned NOT NULL AUTO_INCREMENT,
  `country` varchar(50) NOT NULL,
  `last_update` timestamp NOT NULL DEFAULT CURRENT_TIMESTAMP ON UPDATE CURRENT_TIMESTAMP,
  PRIMARY KEY (`country_id`)
) ENGINE=InnoDB AUTO_INCREMENT=111 DEFAULT CHARSET=utf8mb4 COLLATE=utf8mb4_0900_ai_ci;
/*!40101 SET character_set_client = @saved_cs_client */;

--
-- Dumping data for table `country`
--

LOCK TABLES `country` WRITE;
/*!40000 ALTER TABLE `country` DISABLE KEYS */;
INSERT INTO `country` VALUES (1,'Afghanistan','2006-02-15 02:44:00'),(2,'Algeria','2006-02-15 02:44:00'),(3,'American Samoa','2006-02-15 02:44:00'),(4,'Angola','2006-02-15 02:44:00'),(5,'Anguilla','2006-02-15 02:44:00'),(6,'Argentina','2006-02-15 02:44:00'),(7,'Armenia','2006-02-15 02:44:00'),(8,'Australia','2006-02-15 02:44:00'),(9,'Austria','2006-02-15 02:44:00'),(10,'Azerbaijan','2006-02-15 02:44:00'),(11,'Bahrain','2006-02-15 02:44:00'),(12,'Bangladesh','2006-02-15 02:44:00'),(13,'Belarus','2006-02-15 02:44:00'),(14,'Bolivia','2006-02-15 02:44:00'),(15,'Brazil','2006-02-15 02:44:00'),(16,'Brunei','2006-02-15 02:44:00'),(17,'Bulgaria','2006-02-15 02:44:00'),(18,'Cambodia','2006-02-15 02:44:00'),(19,'Cameroon','2006-02-15 02:44:00'),(20,'Canada','2006-02-15 02:44:00'),(21,'Chad','2006-02-15 02:44:00'),(22,'Chile','2006-02-15 02:44:00'),(23,'China','2006-02-15 02:44:00'),(24,'Colombia','2006-02-15 02:44:00'),(25,'Congo, The Democratic Republic of the','2006-02-15 02:44:00'),(26,'Czech Republic','2006-02-15 02:44:00'),(27,'Dominican Republic','2006-02-15 02:44:00'),(28,'Ecuador','2006-02-15 02:44:00'),(29,'Egypt','2006-02-15 02:44:00'),(30,'Estonia','2006-02-15 02:44:00'),(31,'Ethiopia','2006-02-15 02:44:00'),(32,'Faroe Islands','2006-02-15 02:44:00'),(33,'Finland','2006-02-15 02:44:00'),(34,'France','2006-02-15 02:44:00'),(35,'French Guiana','2006-02-15 02:44:00'),(36,'French Polynesia','2006-02-15 02:44:00'),(37,'Gambia','2006-02-15 02:44:00'),(38,'Germany','2006-02-15 02:44:00'),(39,'Greece','2006-02-15 02:44:00'),(40,'Greenland','2006-02-15 02:44:00'),(41,'Holy See (Vatican City State)','2006-02-15 02:44:00'),(42,'Hong Kong','2006-02-15 02:44:00'),(43,'Hungary','2006-02-15 02:44:00'),(44,'India','2006-02-15 02:44:00'),(45,'Indonesia','2006-02-15 02:44:00'),(46,'Iran','2006-02-15 02:44:00'),(47,'Iraq','2006-02-15 02:44:00'),(48,'Israel','2006-02-15 02:44:00'),(49,'Italy','2006-02-15 02:44:00'),(50,'Japan','2006-02-15 02:44:00'),(51,'Kazakstan','2006-02-15 02:44:00'),(52,'Kenya','2006-02-15 02:44:00'),(53,'Kuwait','2006-02-15 02:44:00'),(54,'Latvia','2006-02-15 02:44:00'),(55,'Liechtenstein','2006-02-15 02:44:00'),(56,'Lithuania','2006-02-15 02:44:00'),(57,'Madagascar','2006-02-15 02:44:00'),(58,'Malawi','2006-02-15 02:44:00'),(59,'Malaysia','2006-02-15 02:44:00'),(60,'Mexico','2006-02-15 02:44:00'),(61,'Moldova','2006-02-15 02:44:00'),(62,'Morocco','2006-02-15 02:44:00'),(63,'Mozambique','2006-02-15 02:44:00'),(64,'Myanmar','2006-02-15 02:44:00'),(65,'Nauru','2006-02-15 02:44:00'),(66,'Nepal','2006-02-15 02:44:00'),(67,'Netherlands','2006-02-15 02:44:00'),(68,'New Zealand','2006-02-15 02:44:00'),(69,'Nigeria','2006-02-15 02:44:00'),(70,'North Korea','2006-02-15 02:44:00'),(71,'Oman','2006-02-15 02:44:00'),(72,'Pakistan','2006-02-15 02:44:00'),(73,'Paraguay','2006-02-15 02:44:00'),(74,'Peru','2006-02-15 02:44:00'),(75,'Philippines','2006-02-15 02:44:00'),(76,'Poland','2006-02-15 02:44:00'),(77,'Puerto Rico','2006-02-15 02:44:00'),(78,'Romania','2006-02-15 02:44:00'),(79,'Réunion','2006-02-15 02:44:00'),(80,'Russian Federation','2006-02-15 02:44:00'),(81,'Saint Vincent and the Grenadines','2006-02-15 02:44:00'),(82,'Saudi Arabia','2006-02-15 02:44:00'),(83,'Senegal','2006-02-15 02:44:00'),(84,'Slovakia','2006-02-15 02:44:00'),(85,'South Africa','2006-02-15 02:44:00'),(86,'South Korea','2006-02-15 02:44:00'),(87,'Spain','2006-02-15 02:44:00'),(88,'Sri Lanka','2006-02-15 02:44:00'),(89,'Sudan','2006-02-15 02:44:00'),(90,'Sweden','2006-02-15 02:44:00'),(91,'Switzerland','2006-02-15 02:44:00'),(92,'Taiwan','2006-02-15 02:44:00'),(93,'Tanzania','2006-02-15 02:44:00'),(94,'Thailand','2006-02-15 02:44:00'),(95,'Tonga','2006-02-15 02:44:00'),(96,'Tunisia','2006-02-15 02:44:00'),(97,'Turkey','2006-02-15 02:44:00'),(98,'Turkmenistan','2006-02-15 02:44:00'),(99,'Tuvalu','2006-02-15 02:44:00'),(100,'Ukraine','2006-02-15 02:44:00'),(101,'United Arab Emirates','2006-02-15 02:44:00'),(102,'United Kingdom','2006-02-15 02:44:00'),(103,'United States','2006-02-15 02:44:00'),(104,'Venezuela','2006-02-15 02:44:00'),(105,'Vietnam','2006-02-15 02:44:00'),(106,'Virgin Islands, U.S.','2006-02-15 02:44:00'),(107,'Yemen','2006-02-15 02:44:00'),(108,'Yugoslavia','2006-02-15 02:44:00'),(109,'Zambia','2006-02-15 02:44:00');
/*!40000 ALTER TABLE `country` ENABLE KEYS */;
UNLOCK TABLES;

--
-- Table structure for table `customer`
--

DROP TABLE IF EXISTS `customer`;
/*!40101 SET @saved_cs_client     = @@character_set_client */;
/*!50503 SET character_set_client = utf8mb4 */;
CREATE TABLE `customer` (
  `customer_id` smallint unsigned NOT NULL AUTO_INCREMENT,
  `first_name` varchar(45) NOT NULL,
  `last_name` varchar(45) NOT NULL,
  `email` varchar(50) NOT NULL,
  `active` tinyint(1) NOT NULL DEFAULT '1',
  `create_date` datetime NOT NULL DEFAULT CURRENT_TIMESTAMP ON UPDATE CURRENT_TIMESTAMP,
  `last_update` datetime DEFAULT CURRENT_TIMESTAMP ON UPDATE CURRENT_TIMESTAMP,
  `password` varchar(45) NOT NULL,
  PRIMARY KEY (`customer_id`),
  UNIQUE KEY `email_UNIQUE` (`email`)
) ENGINE=InnoDB AUTO_INCREMENT=641 DEFAULT CHARSET=utf8mb4 COLLATE=utf8mb4_0900_ai_ci;
/*!40101 SET character_set_client = @saved_cs_client */;

--
-- Dumping data for table `customer`
--

LOCK TABLES `customer` WRITE;
/*!40000 ALTER TABLE `customer` DISABLE KEYS */;
INSERT INTO `customer` VALUES (640,'avigail!!','uzan','a0583240144@gmail.com',1,'2024-09-24 18:18:15','2024-09-24 00:00:00','Aa452452!');
/*!40000 ALTER TABLE `customer` ENABLE KEYS */;
UNLOCK TABLES;

--
-- Table structure for table `history`
--

DROP TABLE IF EXISTS `history`;
/*!40101 SET @saved_cs_client     = @@character_set_client */;
/*!50503 SET character_set_client = utf8mb4 */;
CREATE TABLE `history` (
  `customer_id` int unsigned NOT NULL,
  `film_id` int unsigned NOT NULL,
  `last_update` timestamp NOT NULL
) ENGINE=InnoDB DEFAULT CHARSET=utf8mb4 COLLATE=utf8mb4_0900_ai_ci;
/*!40101 SET character_set_client = @saved_cs_client */;

--
-- Dumping data for table `history`
--

LOCK TABLES `history` WRITE;
/*!40000 ALTER TABLE `history` DISABLE KEYS */;
INSERT INTO `history` VALUES (640,1021,'2024-09-23 21:00:00'),(640,1002,'2024-09-23 21:00:00'),(640,1017,'2024-09-23 21:00:00'),(640,1023,'2024-09-23 21:00:00'),(640,1032,'2024-09-23 21:00:00'),(640,1015,'2024-09-23 21:00:00');
/*!40000 ALTER TABLE `history` ENABLE KEYS */;
UNLOCK TABLES;

--
-- Table structure for table `movie`
--

DROP TABLE IF EXISTS `movie`;
/*!40101 SET @saved_cs_client     = @@character_set_client */;
/*!50503 SET character_set_client = utf8mb4 */;
CREATE TABLE `movie` (
  `film_id` smallint unsigned NOT NULL AUTO_INCREMENT,
  `title` varchar(1024) NOT NULL,
  `description` text,
  `release_year` year DEFAULT NULL,
  `length` smallint unsigned DEFAULT NULL,
  `rating` enum('G','PG','PG-13','R','NC-17') DEFAULT 'G',
  `last_update` timestamp NOT NULL DEFAULT CURRENT_TIMESTAMP ON UPDATE CURRENT_TIMESTAMP,
  `movie_image` varchar(1024) NOT NULL,
  `movie_video` varchar(1024) NOT NULL,
  PRIMARY KEY (`film_id`)
) ENGINE=InnoDB AUTO_INCREMENT=1068 DEFAULT CHARSET=utf8mb4 COLLATE=utf8mb4_0900_ai_ci;
/*!40101 SET character_set_client = @saved_cs_client */;

--
-- Dumping data for table `movie`
--

LOCK TABLES `movie` WRITE;
/*!40000 ALTER TABLE `movie` DISABLE KEYS */;
INSERT INTO `movie` VALUES (1000,'ZORRO ARK','A Intrepid Panorama of a Mad Scientist And a Boy who must Redeem a Boy in A Monastery',2006,50,'NC-17','2006-02-13 22:00:00','https://upload.wikimedia.org/wikipedia/en/5/52/Mask_of_zorro.jpg','https://www.youtube.com/watch?v=abwtRFZx8Rs'),(1002,'DESPICABLE ME 4!','Gru and his family enter a witness protection program after facing a new threat from the villain Maxime Le Mal and his partner Valentina. Alongside the Minions and Gru Jr., the family tries to stay hidden while dealing with enemies and family hijinks!!',2009,140,'PG','2024-09-19 23:32:13','https://upload.wikimedia.org/wikipedia/en/e/ed/Despicable_Me_4_Theatrical_Release_Poster.jpeg','https://youtu.be/QvdPxmmGcFI'),(1015,'SNOW WHITE','a beautiful princess who is pursued by her evil stepmother, the Queen, due to her great beauty. Snow White finds refuge in the home of seven dwarfs in the forest, but the Queen tries to poison her with a poisoned apple. Eventually, Snow White awakens from a kiss of true love by a prince and begins a new life.',1937,99,'R','2024-09-23 21:00:00','https://upload.wikimedia.org/wikipedia/en/4/49/Snow_White_1937_poster.png','https://www.youtube.com/watch?v=L16P0rip9E4'),(1016,'CINDERELLA 1 !','a young girl living under the oppression of her wicked stepmother and stepsisters. With the help of a fairy godmother, she attends a royal ball and meets the prince of her dreams. Despite the challenges, true love prevails as the prince finds her through the magical glass slipper.',1950,70,'G','2024-09-23 21:00:00','https://upload.wikimedia.org/wikipedia/ru/thumb/7/73/Cindyposter.jpg/323px-Cindyposter.jpg','https://www.youtube.com/watch?v=UcjYD91YW_M&t=9s'),(1017,'BEAUTY AND THE BEAST','Belle, a young woman who becomes a prisoner in a mysterious castle. There, she befriends the enchanted staff and learns to look beyond the Beast’s exterior to recognize his true heart. Through love and bravery, Belle breaks the curse, transforming the Beast and his castle back into their original forms.',1991,106,'G','2024-09-19 23:32:13','https://upload.wikimedia.org/wikipedia/en/5/5e/Beauty_and_the_Beast_%281991_film%29_poster.jpg','https://www.youtube.com/watch?v=iurbZwxKFUE'),(1018,'PINOCCHIO ','A wooden puppet named Pinocchio dreams of becoming a real boy. With the guidance of his fairy godmother, he learns valuable lessons about honesty and bravery.',1940,88,'G','2024-09-19 23:32:13','https://upload.wikimedia.org/wikipedia/en/b/ba/Pinocchio-1940-poster.jpg','https://www.youtube.com/watch?v=pwM6abM_YPQ'),(1019,'FANTASIA ','An innovative blend of animation and classical music, Fantasia features a series of animated segments set to iconic pieces, including the famous \"Sorcerer’s Apprentice\" with Mickey Mouse.\n\n',1940,124,'G','2024-09-19 23:32:13','https://upload.wikimedia.org/wikipedia/en/1/12/Fantasia-poster-1940.jpg','https://www.youtube.com/watch?v=oGzAoVBaCxM'),(1020,'DUMBO ','Dumbo, an elephant with oversized ears, discovers his unique ability to fly. With the help of his friends, he overcomes adversity and finds his place in the circus.\n\n',1941,62,'G','2024-09-19 23:32:13','https://childrenandmedia.org.au/assets/images/movie-reviews/dumbo_1941.jpg','https://www.youtube.com/watch?v=P5AHo-OtinE&t=74s'),(1021,'BAMBI','The coming-of-age story of Bambi, a young deer, as he learns about life and nature in the forest, makes friends, and faces the challenges of growing up.\n\n',1942,69,'G','2024-09-19 23:32:13','https://upload.wikimedia.org/wikipedia/en/8/88/Walt_Disney%27s_Bambi_poster.jpg','https://www.youtube.com/watch?v=nLvX-erABqY'),(1022,'ALICE IN WONDERLAND','Alice falls down a rabbit hole into a whimsical world filled with eccentric characters and surreal adventures, all while trying to find her way back home.\n\n',1951,73,'PG-13','2024-09-19 23:32:13','https://upload.wikimedia.org/wikipedia/en/c/c1/Alice_in_Wonderland_%281951_film%29_poster.jpg','https://www.youtube.com/watch?v=KLIqErnQCuw'),(1023,'PETER PAN','Peter Pan, the boy who never grows up, takes Wendy, John, and Michael Darling on a magical adventure to Neverland, where they battle the villainous Captain Hook.\n\n',1953,76,'PG','2024-09-19 23:32:13','https://upload.wikimedia.org/wikipedia/en/4/46/PeterpanRKO.jpg','https://www.youtube.com/watch?v=kasO9Uo3oM4'),(1024,'LADY AND THE TRAMP','A refined cocker spaniel named Lady falls in love with a street-smart mutt, Tramp. Their romance blossoms as they navigate life’s ups and downs together.\n\n',1955,76,'PG-13','2024-09-19 23:32:13','https://upload.wikimedia.org/wikipedia/en/3/39/Lady-and-tramp-1955-poster.jpg','https://www.youtube.com/watch?v=3A_nQtWej88'),(1025,'SLEEPING BEAUTY','Princess Aurora is cursed by the wicked Maleficent to fall into a deep sleep on her sixteenth birthday. Only true love’s kiss can awaken her and break the spell.\n\n',1948,75,'G','2024-09-19 23:32:13','https://upload.wikimedia.org/wikipedia/en/4/43/Sleeping_beauty_disney.jpg','https://www.youtube.com/watch?v=CfsyUyi_FJM'),(1026,'101 DALMATIANS','Pongo and Perdita, two dalmatian dogs, embark on a daring rescue mission to save their stolen puppies from the evil Cruella de Vil.\n\n',1961,79,'PG','2024-09-19 23:32:13','https://upload.wikimedia.org/wikipedia/en/c/cd/One_Hundred_and_One_Dalmatians_movie_poster.jpg','https://www.youtube.com/watch?v=7B12fxm6fmQ'),(1027,'THE SWORD IN THE STONE ','Young Arthur, known as Wart, is tutored by the wizard Merlin and discovers his destiny as the future King of England when he pulls the sword from the stone.\n\n',1963,79,'PG','2024-09-19 23:32:13','https://upload.wikimedia.org/wikipedia/en/d/d8/SwordintheStonePoster.JPG','https://www.youtube.com/watch?v=UMOVOmW3nZU'),(1028,'THE JUNGLE BOOK','Mowgli, a young boy raised by wolves, adventures through the jungle with his friends Baloo the bear and Bagheera the panther, while facing the threat of the tiger Shere Khan.\n\n',1967,78,'PG','2024-09-19 23:32:13','https://upload.wikimedia.org/wikipedia/en/1/1d/Thejunglebook_movieposter.jpg','https://www.youtube.com/watch?v=xFdtyGoVSDE'),(1029,'THE ARISTOCATS ','A pampered cat and her kittens are abandoned and must find their way back home with the help of an alley cat named Thomas O\'Malley in this charming adventure.\n\n',1970,78,'PG-13','2024-09-19 23:32:13','https://upload.wikimedia.org/wikipedia/en/8/8d/Aristoposter.jpg','https://www.youtube.com/watch?v=h6M_OJ41NfA'),(1030,'ROBIN HOOD ','In this retelling of the classic tale, Robin Hood, a clever fox, leads a band of outlaws to rob from the rich and give to the poor, all while evading the villainous Sheriff of Nottingham.\n\n',1973,83,'PG','2024-09-19 23:32:13','https://upload.wikimedia.org/wikipedia/en/9/91/Robinhood_1973_poster.png','https://upload.wikimedia.org/wikipedia/en/9/91/Robinhood_1973_poster.png'),(1031,'THE MANY ADVENTURES OF WINNIE THE POOH','A compilation of stories featuring Winnie the Pooh and his friends in the Hundred Acre Wood, as they embark on delightful adventures and solve charming problems.\n\n',1977,74,'G','2024-09-19 23:32:13','https://upload.wikimedia.org/wikipedia/en/c/c2/The_Many_Adventures_of_Winnie_the_Pooh_poster.jpg','https://www.youtube.com/watch?v=QbFz--GCkOM'),(1032,'THE RESCUERS','Two brave mice, Bernard and Miss Bianca, set out on a daring mission to rescue a young girl kidnapped by an evil woman named Madame Medusa.\n\n',1977,78,'PG','2024-09-19 23:32:13','https://upload.wikimedia.org/wikipedia/en/a/ac/Rescuersposter.jpg','https://www.youtube.com/watch?v=x1A5azWCLDI'),(1033,'THE FOX AND THE HOUND','The story of a fox named Tod and a hound dog named Copper, whose friendship is tested as they grow older and face the realities of their natural instincts and societal expectations.\n\n',1981,83,'G','2024-09-19 23:32:13','https://upload.wikimedia.org/wikipedia/en/7/70/The_Fox_and_the_Hound.jpg','https://www.youtube.com/watch?v=obbTbAQMaqk'),(1034,'THE BLACK CAULDRON','Young pig-keeper Taran embarks on a quest to prevent an evil warlord from using a magical cauldron to conquer the world, with the help of a group of unlikely allies.\n\n',1985,79,'G','2024-09-19 23:32:13','https://upload.wikimedia.org/wikipedia/en/0/0a/The_Black_Cauldron_poster.jpg','https://www.youtube.com/watch?v=5roWlRne7lc'),(1035,'THE LITTLE MERMAID','Ariel, a mermaid princess, trades her voice for human legs to pursue her love for Prince Eric, facing challenges and adventures in her quest for true love.\n\n',1989,83,'PG-13','2024-09-19 23:32:13','https://upload.wikimedia.org/wikipedia/en/c/c0/The_Little_Mermaid_%28Official_1989_Film_Poster%29.png','https://www.youtube.com/watch?v=Oz0H4UHd2J4'),(1036,'ALADDIN 1','Aladdin, a street-smart youth, finds a magical lamp and teams up with the Genie to win the heart of Princess Jasmine and defeat the villainous Jafar.\n\n',1992,90,'PG','2024-09-19 23:32:13','https://upload.wikimedia.org/wikipedia/en/b/bd/Aladdin_%281992_Disney_film%29_poster.jpg','https://www.youtube.com/watch?v=nFG8CeWlTTE'),(1037,'THE LION KING','Simba, a young lion prince, flees his kingdom after his father’s death but returns to reclaim his rightful place as king and restore the balance to the Circle of Life.\n\n',1994,88,'R','2024-09-19 23:32:13','https://upload.wikimedia.org/wikipedia/en/3/3d/The_Lion_King_poster.jpg','https://www.youtube.com/watch?v=UgjEj5mXLlk'),(1038,'POCAHONTAS','Pocahontas, a Native American woman, forms a bond with English settler John Smith, bridging the gap between their cultures and fostering peace amidst colonization.\n\n',1995,81,'PG-13','2024-09-19 23:32:13','https://upload.wikimedia.org/wikipedia/en/5/57/Pocahontasposter.jpg','https://www.youtube.com/watch?v=5iB82S8rHyg'),(1039,'HERCULES','Hercules, the son of Zeus, must prove himself as a true hero and reclaim his place among the gods while battling the evil Hades and discovering his own destiny.\n\n',1997,93,'PG-13','2024-09-19 23:32:13','https://upload.wikimedia.org/wikipedia/en/6/65/Hercules_%281997_film%29_poster.jpg','https://www.youtube.com/watch?v=vlblxDGoGwo'),(1040,'MULAN 1','Mulan disguises herself as a man to join the army in place of her ailing father. Through courage and determination, she helps save China and discovers her own worth.\n\n',1998,88,'PG','2024-09-19 23:32:13','https://upload.wikimedia.org/wikipedia/en/a/a3/Movie_poster_mulan.JPG','https://www.youtube.com/watch?v=HKH7_n425Ss'),(1041,'TARZAN','Tarzan, a man raised by gorillas in the jungle, discovers his human heritage when he encounters explorers and must choose between his gorilla family and the human world.',1999,88,'PG','2024-09-19 23:32:13','https://upload.wikimedia.org/wikipedia/en/4/4f/Tarzan_%281999_film%29_-_theatrical_poster.jpg','https://www.youtube.com/watch?v=up1vWOGAyUA'),(1042,'THE EMPEROR\'S NEW GROOVE','Emperor Kuzco is transformed into a llama by his scheming advisor, Yzma. With the help of a humble villager named Pacha, Kuzco must find his way back to his palace and regain his throne.\n\n',2000,78,'G','2024-09-19 23:32:13','https://upload.wikimedia.org/wikipedia/en/6/69/Grooveposter.jpg','https://www.youtube.com/watch?v=r5tWkRmrHDA'),(1043,'ATLANTIS: THE LOST EMPIRE','Milo Thatch, a young linguist, joins an expedition to find the lost city of Atlantis. Along the way, he uncovers ancient secrets and battles against treacherous forces.\n\n',2001,95,'PG','2024-09-19 23:32:13','https://upload.wikimedia.org/wikipedia/en/d/de/Atlantis_The_Lost_Empire_poster.jpg','https://www.youtube.com/watch?v=pZXNBq1AOoc'),(1044,'LILO & STITCH','Lilo, a young Hawaiian girl, adopts a mischievous alien named Stitch. Together, they form a unique family and face various adventures, while Stitch learns about love and belonging.\n\n',2002,85,'PG','2024-09-19 23:32:13','https://upload.wikimedia.org/wikipedia/en/c/c6/LiloandStitchmovieposter.jpg','https://www.youtube.com/watch?v=-rL-0F0idYA'),(1045,'BROTHER BEAR','Kenai, a young man, is transformed into a bear as punishment for killing one. He embarks on a journey of self-discovery and learns the true meaning of brotherhood and nature.\n\n',2003,85,'PG','2024-09-19 23:32:13','https://upload.wikimedia.org/wikipedia/en/8/86/Brother_Bear_Poster.png','https://www.youtube.com/watch?v=B80VKbxZs6E'),(1046,'HOME ON THE RANGE','Three cows, determined to save their farm from foreclosure, set out to capture an infamous cattle rustler. Their adventure is filled with humor and heart.\n\n',2004,74,'PG','2024-09-19 23:32:13','https://upload.wikimedia.org/wikipedia/en/b/b9/Homerangeposter.jpg','https://www.youtube.com/watch?v=ZuTQR6xSbNM'),(1047,'CHICKEN LITTLE','Chicken Little, the town’s smallest hero, must prove that the sky is not falling when an alien invasion threatens his town. His courage and wit shine as he saves the day.\n\n',2005,81,'G','2024-09-19 23:32:13','https://upload.wikimedia.org/wikipedia/en/a/a5/Chickenlittlemcgiposter.jpg','https://www.youtube.com/watch?v=VUBFCaWiQ28'),(1048,'MEET THE ROBINSONS','Lewis, a young inventor, meets a quirky family from the future and learns about the importance of family, perseverance, and following his dreams.\n\n',2007,95,'G','2024-09-19 23:32:13','https://upload.wikimedia.org/wikipedia/en/d/dc/Meet_the_robinsons.jpg','https://www.youtube.com/watch?v=3EWQ4tNm-6s'),(1049,'BOLT','Bolt, a dog who believes he has superpowers, escapes from his Hollywood life to find his owner. Along the way, he discovers the true meaning of friendship and bravery.\n\n',2008,96,'PG','2024-09-19 23:32:13','https://upload.wikimedia.org/wikipedia/en/4/44/Bolt_ver2.jpg','https://www.youtube.com/watch?v=Pj0a7GkMH3w'),(1050,'THE PRINCESS AND THE FROG','Tiana, a hardworking waitress, kisses a frog prince and is transformed into a frog herself. She must break the spell with true love’s kiss and discover her own dreams.\n\n',2009,97,'G','2024-09-19 23:32:13','https://upload.wikimedia.org/wikipedia/en/8/81/The_Princess_and_the_Frog_poster.jpg','https://www.youtube.com/watch?v=uQBy6jqbmlU'),(1051,'TANGLED','Rapunzel, a princess with magical long hair, escapes her tower to explore the outside world. With the help of a charming thief, she discovers her true self and love.\n\n',2010,100,'PG','2024-09-19 23:32:13','https://upload.wikimedia.org/wikipedia/en/a/a8/Tangled_poster.jpg','https://www.youtube.com/watch?v=SjcYghBatr8'),(1052,'WINNIE THE POOH','A charming return to the Hundred Acre Wood, featuring Winnie the Pooh and his friends on a quest to find Eeyore’s lost tail and deal with an imagined threat from the \"Backson.\"\n\n',2011,63,'G','2024-09-19 23:32:13','https://upload.wikimedia.org/wikipedia/en/e/e2/Winnie_the_Pooh_Poster.jpg','https://www.youtube.com/watch?v=hRT86ZggCEk'),(1053,'FROZEN','Princess Anna embarks on a journey to find her sister Elsa, whose icy powers have trapped their kingdom in eternal winter. The bond of sisterhood is tested in this epic adventure.\n\n',2013,102,'PG','2024-09-19 23:32:13','https://upload.wikimedia.org/wikipedia/en/0/05/Frozen_%282013_film%29_poster.jpg','https://www.youtube.com/watch?v=FLzfXQSPBOg'),(1054,'BIG HERO 6','Hiro Hamada, a young robotics prodigy, teams up with a group of friends and a healthcare robot named Baymax to fight a mysterious villain and protect their city.\n\n',2014,102,'PG','2024-09-19 23:32:13','https://upload.wikimedia.org/wikipedia/en/4/4b/Big_Hero_6_%28film%29_poster.jpg','https://www.youtube.com/watch?v=d2S8D_SCAJY'),(1055,'ZOOTOPIA','Judy Hopps, a bunny cop, teams up with a con artist fox named Nick Wilde to solve a missing mammal case in the bustling city of Zootopia, uncovering a conspiracy in the process.\n\n',2016,108,'PG','2024-09-19 23:32:13','https://upload.wikimedia.org/wikipedia/en/9/96/Zootopia_%28movie_poster%29.jpg','https://www.youtube.com/watch?v=jWM0ct-OLsM'),(1056,'MOANA','Moana, a spirited Polynesian girl, sets sail across the ocean to save her island and discover her own identity with the help of the demigod Maui and her own inner strength.\n\n',2016,107,'PG','2024-09-19 23:32:13','https://upload.wikimedia.org/wikipedia/en/2/26/Moana_Teaser_Poster.jpg','https://www.youtube.com/watch?v=LKFuXETZUsI'),(1057,'RAYA AND THE LAST DRAGON','Raya, a skilled warrior, sets out to find the last dragon, Sisu, to unite her fractured kingdom and save it from an ancient evil threatening the land.\n\n',2021,107,'PG','2024-09-19 23:32:13','https://upload.wikimedia.org/wikipedia/en/e/ea/Raya_and_the_Last_Dragon.png','https://www.youtube.com/watch?v=1VIZ89FEjYI'),(1058,'THE HUNCHBACK OF NOTRE DAME','Quasimodo, a kind-hearted hunchback living in the bell tower of Notre Dame Cathedral, befriends the beautiful gypsy Esmeralda and fights against the evil Judge Frollo to save his city.',1996,91,'G','2024-09-19 23:32:13','https://upload.wikimedia.org/wikipedia/en/2/26/The_Hunchback_of_Notre_Dame_1996_poster.jpg','https://www.youtube.com/watch?v=O6i3lyx1I_g'),(1059,'THE RESCUERS DOWN UNDER','Bernard and Miss Bianca, two brave mice, travel to Australia to rescue a boy kidnapped by a ruthless poacher and save a rare golden eagle.',1990,77,'G','2024-09-19 23:32:13','https://upload.wikimedia.org/wikipedia/en/0/05/Rescuersduposter.jpg','https://www.youtube.com/watch?v=DZ1Yv9oIiK4'),(1060,'OLIVER & COMPANY',' A stray kitten named Oliver joins a gang of street-smart dogs to survive in New York City, forming a strong bond with a little girl along the way.',1988,74,'G','2024-09-19 23:32:13','https://upload.wikimedia.org/wikipedia/en/f/fd/Oliver_poster.jpg','https://www.youtube.com/watch?v=EExIKWcqSAI'),(1061,'THE GREAT MOUSE DETECTIVE','Basil of Baker Street, a mouse detective, embarks on a mission to stop the villainous Ratigan from overthrowing the Queen of England.',1986,74,'G','2024-09-19 23:32:13','https://upload.wikimedia.org/wikipedia/en/a/a4/Mousedetectposter.jpg','https://www.youtube.com/watch?v=MY7Fch-Q-IU'),(1062,'THE ADVENTURES OF ICHABOD AND MR. TOAD','This anthology film includes two classic stories: \"The Wind in the Willows,\" featuring Mr. Toad\'s wild adventures, and \"The Legend of Sleepy Hollow,\" following Ichabod Crane and the Headless Horseman.',1949,68,'G','2024-09-19 23:32:13','https://upload.wikimedia.org/wikipedia/en/7/77/Ichabodposter.jpg','https://www.youtube.com/watch?v=Ju_BnpsfznA'),(1063,'THE THREE CABALLEROS','Donald Duck joins two Latin American friends, José Carioca and Panchito, on a musical journey through Brazil and Mexico in this vibrant animated adventure.',1944,71,'G','2024-09-19 23:32:13','https://upload.wikimedia.org/wikipedia/en/7/7b/Three_caballeros_poster.png','https://www.youtube.com/watch?v=tKO0T_1rL48'),(1064,'MAKE MINE MUSIC','A collection of animated musical segments set to various genres of music, including jazz, classical, and folk, showcasing Disney\'s artistic and musical creativity.',1946,75,'PG','2024-09-19 23:32:13','https://upload.wikimedia.org/wikipedia/en/7/7d/Make_mine_music_poster.png','https://www.youtube.com/watch?v=1D9JzQnvb8g&list=PLwpSpfHzxqmWGp1DAeyY5CDZ9sPen2hAU'),(1065,'MELODY TIME','Similar to Make Mine Music, this anthology film features animated shorts set to popular and classical music pieces, with stories ranging from folklore to fantasy.',1948,75,'G','2024-09-19 23:32:13','https://upload.wikimedia.org/wikipedia/en/2/26/Melody_Time_poster.jpg','https://www.youtube.com/watch?v=BjgrjB_8vdg'),(1066,'FUN AND FANCY FREE',' This film features two stories: \"Bongo,\" about a circus bear escaping to the wild, and \"Mickey and the Beanstalk,\" a retelling of Jack and the Beanstalk with Mickey Mouse, Donald Duck, and Goofy.',1947,73,'G','2024-09-19 23:32:13','https://upload.wikimedia.org/wikipedia/en/b/b4/Funfanposter.jpg','https://www.youtube.com/watch?v=sx4rSRHeJc0'),(1067,'SALUDOS AMIGOS','A series of four animated segments set in Latin America, with Donald Duck and Goofy on cultural adventures, showcasing the region\'s art and music.',1940,42,'G','2024-09-19 23:32:13','https://upload.wikimedia.org/wikipedia/en/a/af/Saludosposter.jpg','https://www.youtube.com/watch?v=5tTxKqaPxKM');
/*!40000 ALTER TABLE `movie` ENABLE KEYS */;
UNLOCK TABLES;

--
-- Table structure for table `movieactor`
--

DROP TABLE IF EXISTS `movieactor`;
/*!40101 SET @saved_cs_client     = @@character_set_client */;
/*!50503 SET character_set_client = utf8mb4 */;
CREATE TABLE `movieactor` (
  `actor_id` smallint unsigned NOT NULL,
  `film_id` smallint unsigned NOT NULL,
  `last_update` timestamp NOT NULL DEFAULT CURRENT_TIMESTAMP ON UPDATE CURRENT_TIMESTAMP
) ENGINE=InnoDB DEFAULT CHARSET=utf8mb4 COLLATE=utf8mb4_0900_ai_ci;
/*!40101 SET character_set_client = @saved_cs_client */;

--
-- Dumping data for table `movieactor`
--

LOCK TABLES `movieactor` WRITE;
/*!40000 ALTER TABLE `movieactor` DISABLE KEYS */;
INSERT INTO `movieactor` VALUES (3,1000,'2006-02-15 02:46:27'),(12,1000,'2006-02-15 02:46:27'),(15,1000,'2006-02-15 02:46:27'),(38,1000,'2006-02-15 02:46:27'),(26,1002,'2024-09-15 21:00:00'),(3,1002,'2024-09-15 21:00:00'),(1,1008,'2024-09-16 21:00:00'),(3,1008,'2024-09-16 21:00:00'),(2,1008,'2024-09-16 21:00:00'),(4,1008,'2024-09-16 21:00:00'),(50,1017,'2024-09-16 21:00:00'),(51,1017,'2024-09-16 21:00:00'),(52,1017,'2024-09-16 21:00:00'),(54,1017,'2024-09-16 21:00:00'),(53,1017,'2024-09-16 21:00:00'),(49,1017,'2024-09-16 21:00:00'),(48,1017,'2024-09-16 21:00:00'),(27,1018,'2024-09-16 21:00:00'),(88,1018,'2024-09-16 21:00:00'),(87,1018,'2024-09-16 21:00:00'),(86,1018,'2024-09-16 21:00:00'),(6,1019,'2024-09-16 21:00:00'),(3,1019,'2024-09-16 21:00:00'),(2,1019,'2024-09-16 21:00:00'),(4,1019,'2024-09-16 21:00:00'),(5,1019,'2024-09-16 21:00:00'),(98,1020,'2024-09-16 21:00:00'),(99,1020,'2024-09-16 21:00:00'),(100,1020,'2024-09-16 21:00:00'),(15,1021,'2024-09-16 21:00:00'),(16,1021,'2024-09-16 21:00:00'),(17,1021,'2024-09-16 21:00:00'),(14,1021,'2024-09-16 21:00:00'),(18,1021,'2024-09-16 21:00:00'),(13,1021,'2024-09-16 21:00:00'),(23,1021,'2024-09-16 21:00:00'),(25,1021,'2024-09-16 21:00:00'),(26,1021,'2024-09-16 21:00:00'),(24,1021,'2024-09-16 21:00:00'),(4,1022,'2024-09-16 21:00:00'),(3,1022,'2024-09-16 21:00:00'),(21,1022,'2024-09-16 21:00:00'),(23,1022,'2024-09-16 21:00:00'),(24,1022,'2024-09-16 21:00:00'),(22,1022,'2024-09-16 21:00:00'),(20,1022,'2024-09-16 21:00:00'),(48,1023,'2024-09-16 21:00:00'),(49,1023,'2024-09-16 21:00:00'),(47,1023,'2024-09-16 21:00:00'),(46,1023,'2024-09-16 21:00:00'),(45,1023,'2024-09-16 21:00:00'),(58,1023,'2024-09-16 21:00:00'),(56,1023,'2024-09-16 21:00:00'),(16,1024,'2024-09-16 21:00:00'),(15,1024,'2024-09-16 21:00:00'),(14,1024,'2024-09-16 21:00:00'),(13,1024,'2024-09-16 21:00:00'),(22,1024,'2024-09-16 21:00:00'),(15,1025,'2024-09-16 21:00:00'),(17,1025,'2024-09-16 21:00:00'),(16,1025,'2024-09-16 21:00:00'),(14,1025,'2024-09-16 21:00:00'),(13,1025,'2024-09-16 21:00:00'),(32,1025,'2024-09-16 21:00:00'),(33,1025,'2024-09-16 21:00:00'),(48,1025,'2024-09-16 21:00:00'),(50,1025,'2024-09-16 21:00:00'),(60,1025,'2024-09-16 21:00:00'),(3,1026,'2024-09-16 21:00:00'),(5,1026,'2024-09-16 21:00:00'),(6,1026,'2024-09-16 21:00:00'),(1,1026,'2024-09-16 21:00:00'),(14,1026,'2024-09-16 21:00:00'),(16,1026,'2024-09-16 21:00:00'),(18,1026,'2024-09-16 21:00:00'),(68,1027,'2024-09-16 21:00:00'),(69,1027,'2024-09-16 21:00:00'),(71,1027,'2024-09-16 21:00:00'),(6,1028,'2024-09-16 21:00:00'),(36,1028,'2024-09-16 21:00:00'),(34,1028,'2024-09-16 21:00:00'),(39,1028,'2024-09-16 21:00:00'),(43,1028,'2024-09-16 21:00:00'),(22,1029,'2024-09-16 21:00:00'),(21,1029,'2024-09-16 21:00:00'),(15,1030,'2024-09-16 21:00:00'),(17,1030,'2024-09-16 21:00:00'),(14,1030,'2024-09-16 21:00:00'),(28,1030,'2024-09-16 21:00:00'),(26,1030,'2024-09-16 21:00:00'),(25,1030,'2024-09-16 21:00:00'),(37,1030,'2024-09-16 21:00:00'),(35,1030,'2024-09-16 21:00:00'),(1,1031,'2024-09-16 21:00:00'),(2,1031,'2024-09-16 21:00:00'),(4,1031,'2024-09-16 21:00:00'),(22,1032,'2024-09-16 21:00:00'),(20,1032,'2024-09-16 21:00:00'),(96,1033,'2024-09-16 21:00:00'),(95,1033,'2024-09-16 21:00:00'),(4,1034,'2024-09-16 21:00:00'),(2,1034,'2024-09-16 21:00:00'),(19,1034,'2024-09-16 21:00:00'),(21,1034,'2024-09-16 21:00:00'),(18,1034,'2024-09-16 21:00:00'),(32,1035,'2024-09-16 21:00:00'),(33,1035,'2024-09-16 21:00:00'),(34,1035,'2024-09-16 21:00:00'),(24,1036,'2024-09-16 21:00:00'),(25,1036,'2024-09-16 21:00:00'),(27,1036,'2024-09-16 21:00:00'),(2,1037,'2024-09-16 21:00:00'),(4,1037,'2024-09-16 21:00:00'),(5,1037,'2024-09-16 21:00:00'),(6,1037,'2024-09-16 21:00:00'),(3,1038,'2024-09-16 21:00:00'),(5,1038,'2024-09-16 21:00:00'),(6,1038,'2024-09-16 21:00:00'),(5,1039,'2024-09-16 21:00:00'),(2,1039,'2024-09-16 21:00:00'),(14,1039,'2024-09-16 21:00:00'),(47,1039,'2024-09-16 21:00:00'),(62,1039,'2024-09-16 21:00:00'),(44,1040,'2024-09-16 21:00:00'),(46,1040,'2024-09-16 21:00:00'),(90,1040,'2024-09-16 21:00:00'),(105,1040,'2024-09-16 21:00:00'),(164,1040,'2024-09-16 21:00:00'),(198,1040,'2024-09-16 21:00:00'),(34,1041,'2024-09-16 21:00:00'),(35,1041,'2024-09-16 21:00:00'),(37,1041,'2024-09-16 21:00:00'),(127,1041,'2024-09-16 21:00:00'),(129,1041,'2024-09-16 21:00:00'),(45,1042,'2024-09-16 21:00:00'),(46,1042,'2024-09-16 21:00:00'),(48,1042,'2024-09-16 21:00:00'),(2,1043,'2024-09-16 21:00:00'),(149,1043,'2024-09-16 21:00:00'),(147,1043,'2024-09-16 21:00:00'),(4,1044,'2024-09-16 21:00:00'),(1,1044,'2024-09-16 21:00:00'),(3,1045,'2024-09-16 21:00:00'),(2,1045,'2024-09-16 21:00:00'),(25,1046,'2024-09-16 21:00:00'),(63,1046,'2024-09-16 21:00:00'),(126,1046,'2024-09-16 21:00:00'),(164,1046,'2024-09-16 21:00:00'),(45,1047,'2024-09-16 21:00:00'),(49,1047,'2024-09-16 21:00:00'),(21,1048,'2024-09-16 21:00:00'),(22,1048,'2024-09-16 21:00:00'),(1,1049,'2024-09-16 21:00:00'),(2,1049,'2024-09-16 21:00:00'),(4,1049,'2024-09-16 21:00:00'),(5,1049,'2024-09-16 21:00:00'),(177,1049,'2024-09-16 21:00:00'),(105,1050,'2024-09-16 21:00:00'),(107,1050,'2024-09-16 21:00:00'),(108,1050,'2024-09-16 21:00:00'),(13,1051,'2024-09-16 21:00:00'),(15,1051,'2024-09-16 21:00:00'),(17,1051,'2024-09-16 21:00:00'),(5,1052,'2024-09-16 21:00:00'),(48,1052,'2024-09-16 21:00:00'),(68,1052,'2024-09-16 21:00:00'),(86,1053,'2024-09-16 21:00:00'),(85,1053,'2024-09-16 21:00:00'),(65,1054,'2024-09-16 21:00:00'),(67,1054,'2024-09-16 21:00:00'),(80,1055,'2024-09-16 21:00:00'),(81,1055,'2024-09-16 21:00:00'),(38,1056,'2024-09-16 21:00:00'),(57,1056,'2024-09-16 21:00:00'),(69,1056,'2024-09-16 21:00:00'),(87,1056,'2024-09-16 21:00:00'),(70,1057,'2024-09-16 21:00:00'),(80,1057,'2024-09-16 21:00:00'),(14,1058,'2024-09-16 21:00:00'),(15,1058,'2024-09-16 21:00:00'),(3,1059,'2024-09-16 21:00:00'),(5,1059,'2024-09-16 21:00:00'),(25,1060,'2024-09-16 21:00:00'),(26,1060,'2024-09-16 21:00:00'),(4,1061,'2024-09-16 21:00:00'),(5,1062,'2024-09-16 21:00:00'),(7,1062,'2024-09-16 21:00:00'),(6,1063,'2024-09-16 21:00:00'),(5,1064,'2024-09-16 21:00:00'),(30,1065,'2024-09-16 21:00:00'),(31,1065,'2024-09-16 21:00:00'),(34,1066,'2024-09-16 21:00:00'),(35,1066,'2024-09-16 21:00:00'),(6,1067,'2024-09-16 21:00:00'),(51,1067,'2024-09-16 21:00:00'),(30,1067,'2024-09-16 21:00:00'),(3,1016,'2024-09-23 21:00:00'),(4,1016,'2024-09-23 21:00:00'),(5,1016,'2024-09-23 21:00:00'),(1,1015,'2024-09-23 21:00:00'),(9,1015,'2024-09-23 21:00:00'),(10,1015,'2024-09-23 21:00:00'),(12,1015,'2024-09-23 21:00:00'),(11,1015,'2024-09-23 21:00:00'),(13,1015,'2024-09-23 21:00:00');
/*!40000 ALTER TABLE `movieactor` ENABLE KEYS */;
UNLOCK TABLES;

--
-- Table structure for table `moviecategory`
--

DROP TABLE IF EXISTS `moviecategory`;
/*!40101 SET @saved_cs_client     = @@character_set_client */;
/*!50503 SET character_set_client = utf8mb4 */;
CREATE TABLE `moviecategory` (
  `film_id` smallint unsigned NOT NULL,
  `category_id` tinyint unsigned NOT NULL,
  `last_update` timestamp NOT NULL DEFAULT CURRENT_TIMESTAMP ON UPDATE CURRENT_TIMESTAMP
) ENGINE=InnoDB DEFAULT CHARSET=utf8mb4 COLLATE=utf8mb4_0900_ai_ci;
/*!40101 SET character_set_client = @saved_cs_client */;

--
-- Dumping data for table `moviecategory`
--

LOCK TABLES `moviecategory` WRITE;
/*!40000 ALTER TABLE `moviecategory` DISABLE KEYS */;
INSERT INTO `moviecategory` VALUES (1000,14,'2006-02-15 02:46:27'),(1002,2,'2024-09-15 21:00:00'),(1008,2,'2024-09-16 21:00:00'),(1015,2,'2024-09-23 21:00:00'),(1016,9,'2024-09-23 21:00:00'),(1017,3,'2024-09-16 21:00:00'),(1018,5,'2024-09-16 21:00:00'),(1019,16,'2024-09-16 21:00:00'),(1020,14,'2024-09-16 21:00:00'),(1021,11,'2024-09-16 21:00:00'),(1022,12,'2024-09-16 21:00:00'),(1023,5,'2024-09-16 21:00:00'),(1024,14,'2024-09-16 21:00:00'),(1025,5,'2024-09-16 21:00:00'),(1026,5,'2024-09-16 21:00:00'),(1027,5,'2024-09-16 21:00:00'),(1028,5,'2024-09-16 21:00:00'),(1029,5,'2024-09-16 21:00:00'),(1030,5,'2024-09-16 21:00:00'),(1031,5,'2024-09-16 21:00:00'),(1032,5,'2024-09-16 21:00:00'),(1033,5,'2024-09-16 21:00:00'),(1034,5,'2024-09-16 21:00:00'),(1035,5,'2024-09-16 21:00:00'),(1036,5,'2024-09-16 21:00:00'),(1037,5,'2024-09-16 21:00:00'),(1038,5,'2024-09-16 21:00:00'),(1039,5,'2024-09-16 21:00:00'),(1040,5,'2024-09-16 21:00:00'),(1041,5,'2024-09-16 21:00:00'),(1042,5,'2024-09-16 21:00:00'),(1043,5,'2024-09-16 21:00:00'),(1044,5,'2024-09-16 21:00:00'),(1045,5,'2024-09-16 21:00:00'),(1046,5,'2024-09-16 21:00:00'),(1047,5,'2024-09-16 21:00:00'),(1048,5,'2024-09-16 21:00:00'),(1049,5,'2024-09-16 21:00:00'),(1050,5,'2024-09-16 21:00:00'),(1051,5,'2024-09-16 21:00:00'),(1052,2,'2024-09-16 21:00:00'),(1053,2,'2024-09-16 21:00:00'),(1054,3,'2024-09-16 21:00:00'),(1055,3,'2024-09-16 21:00:00'),(1056,2,'2024-09-16 21:00:00'),(1057,3,'2024-09-16 21:00:00'),(1058,3,'2024-09-16 21:00:00'),(1059,3,'2024-09-16 21:00:00'),(1060,6,'2024-09-16 21:00:00'),(1061,10,'2024-09-16 21:00:00'),(1062,13,'2024-09-16 21:00:00'),(1063,11,'2024-09-16 21:00:00'),(1064,12,'2024-09-16 21:00:00'),(1065,13,'2024-09-16 21:00:00'),(1066,10,'2024-09-16 21:00:00'),(1067,7,'2024-09-16 21:00:00');
/*!40000 ALTER TABLE `moviecategory` ENABLE KEYS */;
UNLOCK TABLES;

--
-- Table structure for table `payment`
--

DROP TABLE IF EXISTS `payment`;
/*!40101 SET @saved_cs_client     = @@character_set_client */;
/*!50503 SET character_set_client = utf8mb4 */;
CREATE TABLE `payment` (
  `payment_id` smallint unsigned NOT NULL AUTO_INCREMENT,
  `customer_id` smallint unsigned NOT NULL,
  `rental_id` int DEFAULT NULL,
  `amount` decimal(5,2) NOT NULL,
  `payment_date` datetime NOT NULL,
  `last_update` timestamp NULL DEFAULT CURRENT_TIMESTAMP ON UPDATE CURRENT_TIMESTAMP,
  PRIMARY KEY (`payment_id`)
) ENGINE=InnoDB AUTO_INCREMENT=1005 DEFAULT CHARSET=utf8mb4 COLLATE=utf8mb4_0900_ai_ci;
/*!40101 SET character_set_client = @saved_cs_client */;

--
-- Dumping data for table `payment`
--

LOCK TABLES `payment` WRITE;
/*!40000 ALTER TABLE `payment` DISABLE KEYS */;
/*!40000 ALTER TABLE `payment` ENABLE KEYS */;
UNLOCK TABLES;
/*!40103 SET TIME_ZONE=@OLD_TIME_ZONE */;

/*!40101 SET SQL_MODE=@OLD_SQL_MODE */;
/*!40014 SET FOREIGN_KEY_CHECKS=@OLD_FOREIGN_KEY_CHECKS */;
/*!40014 SET UNIQUE_CHECKS=@OLD_UNIQUE_CHECKS */;
/*!40101 SET CHARACTER_SET_CLIENT=@OLD_CHARACTER_SET_CLIENT */;
/*!40101 SET CHARACTER_SET_RESULTS=@OLD_CHARACTER_SET_RESULTS */;
/*!40101 SET COLLATION_CONNECTION=@OLD_COLLATION_CONNECTION */;
/*!40111 SET SQL_NOTES=@OLD_SQL_NOTES */;

-- Dump completed on 2024-09-24 19:56:41
